company,business_codes,business_items
ES株式会社,"R,92","サービス業（他に分類されないもの）,その他の事業サービス業"
農事組合法人エコファーム舟枝,"L,72","学術研究，専門・技術サービス業,専門サービス業（他に分類されないもの）"
株式会社B Inc.,"G,L,39,72","情報通信業,学術研究，専門・技術サービス業,情報サービス業,専門サービス業（他に分類されないもの）"
有限会社ユーアイシステム,"G,39","情報通信業,情報サービス業"
株式会社五十嵐造林,"E,R,32,95","製造業,サービス業（他に分類されないもの）,その他の製造業,その他のサービス業"
セイコーオプチカル株式会社,"E,R,32,95","製造業,サービス業（他に分類されないもの）,その他の製造業,その他のサービス業"
Fujikon corporation株式会社,"E,R,27,32,95","製造業,サービス業（他に分類されないもの）,業務用機械器具製造業,その他の製造業,その他のサービス業"
株式会社シャルマン,"E,R,16,27,32,95","製造業,サービス業（他に分類されないもの）,化学工業,業務用機械器具製造業,その他の製造業,その他のサービス業"
特定非営利活動法人ハートオブマインド,"E,R,15,32,95","製造業,サービス業（他に分類されないもの）,印刷・同関連業,その他の製造業,その他のサービス業"
有限会社ユー・エフ・オー・アカデミー,"E,L,R,32,72,95","製造業,学術研究，専門・技術サービス業,サービス業（他に分類されないもの）,その他の製造業,専門サービス業（他に分類されないもの）,その他のサービス業"
株式会社サビデンキ,"E,L,R,32,72,92,95","製造業,学術研究，専門・技術サービス業,サービス業（他に分類されないもの）,その他の製造業,専門サービス業（他に分類されないもの）,その他の事業サービス業,その他のサービス業"
株式会社アートファイネックス,"E,G,R,29,30,32,39,95","製造業,情報通信業,サービス業（他に分類されないもの）,電気機械器具製造業,情報通信機械器具製造業,その他の製造業,情報サービス業,その他のサービス業"
株式会社キミコン,"E,G,L,R,32,39,72,73,95","製造業,情報通信業,学術研究，専門・技術サービス業,サービス業（他に分類されないもの）,その他の製造業,情報サービス業,専門サービス業（他に分類されないもの）,広告業,その他のサービス業"
株式会社アートテクノロジー,"E,G,29,30,39","製造業,情報通信業,電気機械器具製造業,情報通信機械器具製造業,情報サービス業"
株式会社大西印刷,"E,G,15,41","製造業,情報通信業,印刷・同関連業,映像・音声・文字情報制作業"
有限会社ウチダプラスチツク,"E,18,19,20","製造業,プラスチック製品製造業（別掲を除く）,ゴム製品製造業,なめし革・同製品・毛皮製造業"
株式会社白崎コーポレーション,"D,E,R,27,32,95","建設業,製造業,サービス業（他に分類されないもの）,業務用機械器具製造業,その他の製造業,その他のサービス業"
株式会社環境資源公社,"A,E,R,02,32,95","農業，林業,製造業,サービス業（他に分類されないもの）,林業,その他の製造業,その他のサービス業"
KBセーレン株式会社,,
渡辺社寺建築有限会社,,
株式会社マルサンアイ,,
アルファ株式会社,,
千万商事株式会社,,
有限会社三上商事,,
ワンコイン代行株式会社,,
有限会社佐々木工業所,,
株式会社パイオニアグラス,,
株式会社Hair Lepps,,
有限会社ヤマケン自工,,
YAMASEN有限会社,,
株式会社こじま,,
有限会社アーム・イワイ,,
社会福祉法人つつじ会,,
株式会社渡邉,,
日吉神社,,
有限会社マッキナ,,
株式会社カワモリ,,
有限会社カサシマ眼鏡製作所,,
株式会社加藤紙文具店,,
桜株式会社,,
北陸ケミカル株式会社,,
有限会社金谷眼鏡,,
村上商事株式会社,,
有限会社丸山漆工,,
鯖江合繊株式会社,,
社会福祉法人きらめき福祉会,,
近藤織物有限会社,,
繊維技術支援協同組合,,
有限会社山裕,,
妙好庵,,
北陸電機株式会社,,
鯖江生糸織物合資会社,,
中村繊維株式会社,,
株式会社ホテル・アルファーワン鯖江,,
有限会社揚原デザイン漆工,,
有限会社田中不動産,,
山崎工業株式会社,,
医療法人ゆう歯科クリニック,,
有限会社高橋組,,
石本眼鏡有限会社,,
太陽建設株式会社,,
有限会社ジェーエス,,
有限会社木村鉄工所,,
株式会社ファンタジスタ,,
株式会社丸正,,
アイスター商事有限会社,,
前田電設株式会社,,
有限会社西正エンジニア,,
有限会社サンテン電気,,
株式会社エフアンドエフ,,
有限会社トップテクノ,,
株式会社コレクト,,
株式会社UPLAN,,
株式会社日本芸術教育振興会,,
アイカ株式会社,,
株式会社Natural,,
株式会社マインドアンドサウンドライフ,,
株式会社くらう,,
株式会社P.WILL,,
有限会社井上商会,,
有限会社グラシック,,
八幡神社,,
株式会社たんなんコンタクト,,
貨泉プラスチツク株式会社,,
一般社団法人日本情報モラル推進機構,,
正源寺,,
冨士自動車株式会社,,
Regie合同会社,,
O.Kテクノ株式会社,,
ソニックスジャパン株式会社,,
株式会社ホクボー,,
株式会社メンテックU,,
淨覚寺,,
有限会社山本建材,,
医療法人清水眼科,,
眞光寺,,
湧口興産株式会社,,
株式会社田中教作商店,,
有限会社ヤスダエンジニア,,
大豊ニツテイング株式会社,,
医療法人社団慈愛会,,
TR産業株式会社,,
有限会社中央開発,,
株式会社RUN,,
株式会社山﨑工務店,,
明正寺,,
株式会社中野,,
株式会社ドクターカーズ,,
浄善寺,,
ブロスジャパン株式会社,,
株式会社大橋モータース,,
めがねのまち鯖江元気再生協議会,,
有限会社朝竹眼鏡,,
有限会社飯田眞三商店,,
有限会社橋本設備,,
株式会社フレームワーク,,
教覚寺,,
有限会社上田順也建築設計事務所,,
株式会社リム精工,,
株式会社木谷製作所,,
北陸精密有限会社,,
特定非営利活動法人マレーシア国際交流協会,,
有限会社エヌピー,,
有限会社梅田,,
株式会社KANA,,
有限会社サンワ技研,,
有限会社大原葬儀社,,
有限会社福井フレームセンター,,
法華寺,,
有限会社扇寿司,,
株式会社岩尾組,,
劔神社,,
有限会社ウチダ工業所,,
株式会社HimmeL,,
株式会社文六,,
有限会社美環興業,,
有限会社オプト.デュオ,,
株式会社ジェーピー,,
弘願真宗興隆山浄玄寺,,
有限会社丹波屋,,
医療法人安雄会,,
HDL合同会社,,
株式会社コスメティックス美香,,
一般社団法人墓もり和尚,,
株式会社東工物流センター,,
株式会社清水工業所,,
有限会社アイ・シー・ジャパン,,
有限会社南光設備,,
一般社団法人鯖江観光協会,,
天理教鯖江分教会,,
株式会社おしどり,,
有限会社カドヤモーター,,
有限会社ハタナカ,,
株式会社サンセリテ不動産,,
エストプライム株式会社,,
医療法人野尻内科胃腸科医院,,
有限会社ふくだ技興,,
北陸物産合資会社,,
ポリマー化成株式会社,,
サイトウバフ有限会社,,
中日本産商株式会社,,
満願寺,,
有限会社山田自動車,,
ITホールディングス株式会社,,
株式会社天狗楼,,
鯖江縫製株式会社,,
熊野建設株式会社,,
南越地区生コンクリート協同組合,,
有限会社ナカムラ工業,,
株式会社ウォンツ・ビー,,
株式会社Beコーポレーション,,
有限会社上島エンタープライズ,,
株式会社ミズノ,,
株式会社チカイ商事,,
有限会社ネイチヤー,,
株式会社やまひろ産業,,
南織物株式会社,,
小林石油住設株式会社,,
ホプニックホールディングス株式会社,,
仰明寺,,
渡辺撚糸有限会社,,
合資会社田中精米所,,
有限会社石川建材,,
株式会社三品箔紙店,,
鯖江青果食品株式会社,,
株式会社斎藤印刷,,
合同会社Tao,,
株式会社米谷眼鏡,,
有限会社佐野木建,,
社会福祉法人吉江保育園,,
株式会社エーリンクサービス,,
有限会社VAI&SRI,,
有限会社サバエリサイクルサービス,,
K・ワーキングスペース株式会社,,
大和建設工業株式会社,,
吉村織物株式会社,,
株式会社シマノ,,
有限会社エーワン染色,,
株式会社吉田眼鏡,,
株式会社ユーロビジョン,,
株式会社FRAU,,
一般社団法人まほうのたね,,
特定非営利活動法人さばえNPOサポート,,
NeXT株式会社,,
建築板金田中有限会社,,
エム・ネットワーク株式会社,,
共美産業株式会社,,
株式会社藤田,,
田中土地改良区,,
有限会社与志呂食品,,
專蓮寺,,
株式会社丸八,,
有限会社石本産業,,
有限会社鯖江オメガ,,
株式会社松屋漆器店,,
株式会社A-take,,
有限会社中五,,
株式会社富士屋会館,,
株式会社ミタムラ電機センター,,
サンホープ株式会社,,
有限会社上野工業,,
公益社団法人鯖江青年会議所,,
貞友運送有限会社,,
有限会社シツク・アンド・ジヨリー,,
株式会社博眼,,
有限会社エムエスプラスチック,,
株式会社土直漆器,,
concerto株式会社,,
株式会社すごうで,,
有限会社ジャネックス,,
株式会社漆琳堂,,
株式会社TKG,,
株式会社角谷会計,,
有限会社久保田酒店,,
覺念寺,,
株式会社新栄染色,,
株式会社のろ動物病院,,
有限会社大工屋,,
真行院,,
有限会社的場商事,,
エホバの証人の鯖江会衆,,
田中木材株式会社,,
有限会社二葉商会,,
株式会社マルゲリータ,,
一般社団法人地域公共交通鯖江,,
有限会社ビューティーサロン・ケイ,,
株式会社SANKI,,
株式会社ミナミ繊維,,
天明神社,,
株式会社オプティカ・フクイ,,
株式会社Cocoro,,
本蔵寺,,
特定非営利活動法人さわやかさばえボランティア虹,,
医療法人ポプラ歯科医院,,
八幡神社,,
鯖江広域衛生施設組合,,
鏡神社,,
有限会社福田産業,,
一般社団法人精神障がい者ピア相談室,,
有限会社協和商事,,
株式会社越前隊,,
有限会社スターロード美容室,,
有限会社トップガード,,
合同会社ツギ,,
株式会社笠島鋳造所,,
有限会社エイト工業,,
専立寺,,
株式会社メディディア,,
有限会社セントー,,
特定非営利活動法人エスディ・ウエーブ,,
株式会社扇竜,,
株式会社アース開発,,
株式会社TVR・OPT・JAPAN,,
マスダマネジメント株式会社,,
有限会社シム・北陸,,
株式会社マックスプランニング,,
徳法寺,,
有限会社笹尾印刷所,,
有限会社豊和工業,,
株式会社アクティブ,,
啓明土地開発株式会社,,
山田眼装株式会社,,
シンクス株式会社,,
称名寺,,
有限会社古木佑典工業所,,
長谷川建材株式会社,,
有限会社谷口工業所,,
有限会社たけうちスポーツ店,,
妙真寺,,
西福寺,,
有限会社斎藤電工,,
株式会社ジョイディア,,
有限会社三協石油,,
有限会社オプティックアマヤ,,
有限会社吉村モータース,,
サバエセンイ株式会社,,
ピーエス化学株式会社,,
有限会社内田農産,,
河端神社,,
若宮八幡神社,,
株式会社末広漆器製作所,,
株式会社ヨシムラ,,
一般社団法人ふくい動物愛護管理支援センター協会,,
有限会社インポート青山,,
有限会社アシスト,,
宗教法人鯖江キリスト教会,,
有限会社岡本重建,,
株式会社エフアールスクリーン,,
株式会社アーバンホールディングス,,
舟津神社,,
株式会社システムグラフィ,,
有限会社伸幸,,
有限会社秋吉神明店,,
株式会社シイダ技工,,
有限会社アイジャパン,,
一般社団法人福井職業教育振興協会,,
株式会社中川建築,,
株式会社ジェイケイテクニカ福井,,
有限会社ワールドコーポレーション,,
高田織物株式会社,,
株式会社ヤマト工芸,,
有限会社三工製作所,,
有限会社あさざわ動物病院,,
伊藤鉄工株式会社,,
酒伊編織株式会社,,
青山ライセンス株式会社,,
森下漆器株式会社,,
株式会社冨士土建,,
日本工梁株式会社,,
株式会社吉﨑鈑金,,
山岸ニツトー株式会社,,
株式会社トライ・アイ(閉鎖),,
株式会社清水重機建設,,
株式会社山崎漆器商会,,
タガハウス株式会社,,
揚原建設株式会社(閉鎖),,
FRONTIER NETWORK株式会社,,
株式会社ベレス,,
満徳寺,,
有限会社鯖江テレコム,,
有限会社みさき創屋,,
野原技研株式会社,,
隆宝教会,,
円立寺,,
金子眼鏡株式会社,,
有限会社リ・フレッシュ,,
フォーサイトホールディングス株式会社,,
福井県農業共済組合,,
有限会社ヤマモトマシンサービス,,
合同会社AT食糧,,
アイディッシュ株式会社,,
有限会社加藤商店,,
ウラセ株式会社,,
有限会社吉満商事,,
株式会社エムディエス,,
深江町商店街振興組合,,
有限会社井戸眼鏡,,
有限会社大洋企画,,
有限会社菅谷製作所,,
株式会社蓑輪産業,,
福井トータルケア株式会社,,
有限会社カトー工業,,
昭和工業株式会社,,
杉本工業株式会社,,
株式会社永樹,,
株式会社加藤製作所,,
じゅん介護タクシー株式会社,,
有限会社マルエイ木工,,
株式会社インフェルドオプチカ,,
有限会社共友工業,,
有限会社ジョイントオプチカル,,
ソルダーリング小野有限会社,,
本樂寺,,
功勢機設株式会社,,
株式会社Sabako,,
株式会社央眼製作所,,
有限会社カコーみつわ,,
D’style株式会社,,
清照寺,,
株式会社福岡勘吉,,
有限会社稲木機工,,
株式会社越前腎臓センター,,
有限会社メンズファッションササキ,,
福長織物株式会社,,
社会福祉法人新横江保育園,,
有限会社グリーン代行,,
井筒不動産合同会社,,
株式会社タカクマ,,
松阜神社,,
お買い上げありがとうございます株式会社,,
エコー・オプチカル有限会社,,
Great Power Nexcell株式会社,,
大平漆器株式会社,,
SWITCH合同会社,,
上野別堂,,
株式会社エルテクト,,
合同会社KRM,,
公益財団法人農業公社グリーンさばえ,,
株式会社M’s企画,,
乘誓寺,,
有限会社タナカプランニング,,
エヌエム・ネゲントロピー株式会社,,
クロセ電子有限会社,,
株式会社ルクールエイトプラス,,
山口建設塗装株式会社,,
アズワン・ラボラトリー株式会社,,
有限会社末本モータース商会,,
株式会社沢田佐治兵衛漆器店,,
株式会社梵,,
株式会社システム松栄,,
光常寺,,
株式会社東洋建材,,
有限会社ショクハイ,,
有限会社千葉コーポレーション,,
社会福祉法人いずみ保育園,,
株式会社丸番,,
株式会社クラシック・ファースト,,
北陸の空株式会社,,
一般社団法人日本和紙クラフト協会,,
株式会社セレクト,,
株式会社Kanon,,
合同会社ナチュラル,,
福井県眼鏡卸商協同組合,,
株式会社エムケー機工,,
鷲田機械株式会社,,
株式会社ディーダウ,,
医療法人高野病院,,
株式会社ドリームクリエイト,,
オプティカルフィールドシステム株式会社,,
有限会社山下燃料,,
長禅寺,,
天満神社,,
フジイオプチカル株式会社,,
一般社団法人鯖江建設業会,,
西部染色株式会社,,
"有限会社トータルヘルシング,ポピー",,
株式会社オーエムエンジニアリング,,
三重眼鏡株式会社,,
有限会社寿,,
有限会社栄光,,
有限会社進光技研,,
テクノワープ株式会社,,
株式会社安藤建設,,
一般社団法人鯖江織物技術伝承の会,,
有限会社ナイスカラー,,
株式会社丸喜建設,,
株式会社トライシステム,,
株式会社インターベルシー,,
株式会社山翔工業,,
株式会社エジソン無線,,
清光寺,,
有限会社彩明,,
医療法人(社団)土屋医院,,
ストロベリーシティ株式会社,,
山直織物株式会社,,
医療法人今野内科,,
有限会社高尾,,
有限会社松田商会,,
株式会社前澤金型,,
株式会社視泉堂,,
株式会社マイセン,,
一般社団法人福井県植物防疫協会,,
北伸インターナショナル株式会社,,
株式会社しながわ,,
千代鶴化粧品本舗合名会社新星堂,,
有限会社ジー・プレス,,
有限会社和弘,,
松村建設株式会社,,
株式会社ユアーズサポートエンジニア,,
株式会社北陸山宗,,
株式会社ガラビー,,
社会福祉法人吉江学園,,
株式会社まるよ,,
株式会社謳歌,,
有限会社大信,,
有限会社ふげつ,,
有限会社北陸ベンディング,,
玉木鈑金株式会社,,
有限会社山田ワインダー,,
有限会社坪川電気商会,,
丹南アース協同組合,,
医療法人東山会,,
有限会社有定工作所,,
株式会社officeM,,
有限会社パル石油,,
有限会社勉強堂,,
八幡神社,,
株式会社あすなろジム,,
株式会社構造設計研究所,,
有限会社畑中レース,,
有限会社鳥羽興業,,
株式会社相木屋商店,,
株式会社マルタカ,,
株式会社橋尾自動車,,
株式会社ハレヤカ・ジャパン,,
合同会社高木商事,,
有限会社酒井屋佛壇佛具店,,
株式会社ファイブ・オー,,
大成精工株式会社,,
丹南紙料株式会社,,
有限会社前田充商店,,
合同会社エルプラス,,
株式会社スタジオユウ,,
有限会社佐々木物流倉庫,,
アイリンクス有限会社,,
株式会社山本畳本店,,
有限会社高田工業,,
稲荷神社,,
株式会社小林農園,,
合同会社AJM,,
有限会社シマダ産業,,
株式会社セイメイ,,
セーフティ商事株式会社,,
一般社団法人さばえ文化振興事業団,,
税理士法人川中経営,,
一般社団法人サイバー・ソサエティ・アライアンス,,
有限会社梅田工務店,,
春日神社,,
株式会社野中,,
善照寺,,
ウィズ中央堂有限会社,,
株式会社オプティックニシムラ眼鏡,,
株式会社TKコーポレーション,,
有限会社ヤマダパーツ,,
株式会社一鐡,,
鯖江電子株式会社,,
福井織物有限会社,,
株式会社西野工務店,,
有限会社みどりや,,
有限会社アピオ,,
とまり木福祉協会株式会社,,
大栄事務機株式会社,,
イトウ電器株式会社,,
有限会社山長興産,,
有限会社サン友愛,,
有限会社ヒエロハウス,,
株式会社S&Fカンパニー,,
株式会社アスカエンタプライズ,,
アプリゲート株式会社,,
久島織物株式会社,,
株式会社フクシン,,
株式会社加藤八,,
武生コンクリート圧送株式会社,,
白山神社,,
株式会社滝波メツキ,,
プラスジャック株式会社,,
株式会社UPSTART,,
株式会社栄光眼鏡,,
有限会社あかつき商事,,
有限会社平尾電機商会,,
有限会社エフォート,,
伊部眼鏡株式会社,,
吉川眼鏡株式会社,,
有限会社プレア,,
株式会社ライズインターナショナル,,
有限会社うつわ屋,,
福田土木株式会社,,
水島眼鏡株式会社,,
純福音鯖江教会,,
タイヨー電子株式会社,,
有限会社トムオート,,
鯖江魚商協同組合,,
有限会社浪慢館,,
株式会社山本硝子工業,,
日吉神社,,
株式会社高晋,,
株式会社サンサン,,
株式会社エイホウ,,
有限会社コーナン,,
医療法人寿人堂,,
医療法人高村病院,,
特定非営利活動法人NPOみるみえる,,
天理教曙定分教会,,
株式会社あすわ,,
京藤鉄工株式会社,,
鯖江片上土地改良区,,
第一工業株式会社,,
有限会社澤田木工所,,
合資会社山鐵,,
株式会社DMエンジニア,,
有限会社カツキ眼鏡,,
合同会社フローター,,
有限会社ハンズ,,
Z JAPAN Corporation株式会社,,
エスエス福井株式会社,,
有限会社江端レンズ,,
くまひげコーポレーション株式会社,,
クリ英ター永和株式会社,,
株式会社ヒライケ,,
有限会社野村眼鏡,,
浜本テクニカル株式会社,,
木村貿易合資会社,,
マツバ眼鏡工業株式会社,,
株式会社藤田書店,,
有限会社クラフトディフュージョンコダマ,,
有限会社テックハシモト,,
一般財団法人日本眼鏡普及光学器検査協会,,
有限会社石山技研,,
株式会社ヒロセ,,
株式会社神明鉄工所,,
井波酒造株式会社,,
有限会社高島九郎平工業所,,
小堀リボン株式会社,,
三好興業株式会社,,
株式会社青山,,
有限会社ベラミ美容室,,
八幡神社,,
社会医療法人寿人会,,
株式会社リ・クリエイト,,
有限会社チャコールクラブ,,
メディカルネット有限会社,,
神明社,,
株式会社小澤鉄工,,
株式会社婚姻届工房,,
ライン精工株式会社,,
株式会社木村商店,,
有限会社ビ・室谷,,
糺産業有限会社,,
有限会社佐々木庵土建,,
エムビジョン株式会社,,
株式会社奥田精工,,
宮前化学有限会社,,
公益センター株式会社,,
株式会社井波木材,,
株式会社サンライズアセット,,
一般社団法人一燈照隅,,
十王寺,,
有限会社吉田通商,,
有限会社ユーエスモータース,,
合同会社モハラ,,
有限会社島田製作所(閉鎖),,
株式会社リサ,,
株式会社サーフ,,
斎藤織布株式会社,,
株式会社リーフ,,
株式会社高野工芸,,
飛坂漆器株式会社,,
槇山眼鏡株式会社,,
熊野神社,,
相互ビニール化成株式会社,,
株式会社アキラ商事,,
有限会社竹内鑞接工業,,
有限会社サイトー企画,,
株式会社PALACE FRONT,,
窪田繊維工業株式会社,,
オアシスプラン株式会社,,
株式会社グローハウジング,,
有限会社田中眼鏡,,
株式会社三興,,
Little lily grow合同会社,,
有限会社すみよし,,
有限会社ホームラーメン,,
株式会社Orijin,,
株式会社西郷どん社中,,
有限会社淡海建設,,
特定非営利活動法人カルチャーネットさばえ,,
有限会社ケーエスネットワーク,,
橋詰センイ株式会社,,
春日神社,,
春慶寺,,
藤本重機有限会社,,
有限会社村おこし米作協同農場,,
農事組合法人ファーム当田,,
株式会社arps,,
有限会社畠中工務店,,
株式会社エクセル眼鏡,,
株式会社フジタ技工,,
竹内光学工業株式会社,,
Japan Eyewear Holdings株式会社,,
円入寺,,
有限会社小寺ふとん,,
光蓮寺,,
合資会社鳥羽眼鏡製作所,,
株式会社田中眼装,,
酒伊縫製株式会社,,
有限会社アイコウ眼鏡,,
白山神社,,
株式会社すみよし,,
吉山建設株式会社,,
株式会社ハウスデポ・セキ,,
有限会社吉野工業,,
農事組合法人吉野瀬営農組合,,
有限会社アイリー技研,,
株式会社未来興研,,
株式会社GLASSART,,
有限会社佐竹鉄工所,,
妙正寺,,
鯖江市,,
株式会社わかよし,,
中村建設工業株式会社,,
エスパル株式会社,,
特定非営利活動法人かわだ夢グリーン,,
有限会社ユアーズオプチカル,,
有限会社渡辺カラー工芸,,
松田蒔絵有限会社,,
有限会社ニシダカラー,,
有限会社西日本メディカルコンタクト,,
株式会社蒲商会,,
株式会社東信自動車,,
有限会社酒井制御,,
有限会社ナフ・セル・テイブ,,
株式会社MT,,
株式会社和晃光器,,
株式会社さばえ典礼,,
シゲン開発センター株式会社,,
ユタカ機工有限会社,,
日吉神社,,
有限会社のだや,,
吉㟢貴金属鍍金有限会社,,
善勝寺,,
株式会社きょうよう企画,,
有限会社アシュアプランニング,,
加多志波神社,,
北陸輻射式冷暖房販売合同会社,,
株式会社窪田プラスチック,,
株式会社西村金属,,
有限会社テクノスター,,
株式会社NCC,,
川畑デンタル有限会社,,
蜂谷工業株式会社,,
有限会社一島鉄工,,
株式会社サントラベル,,
有限会社大福,,
株式会社上成,,
有限会社アプローチ,,
有限会社サイクルオートやまだ,,
株式会社KAZ,,
オリガミ社ホールディングス株式会社,,
有限会社平沢電機商会,,
有限会社カツ,,
マルイテキスタイル株式会社,,
株式会社AGM,,
有限会社樹樹,,
有限会社コーワテクノア,,
株式会社Rainbow Bridge,,
株式会社佐々木重機リース,,
株式会社子どもの笑顔,,
ゼノテック株式会社,,
株式会社ササマタ,,
株式会社野村マネジメントプランニング,,
立光寺,,
長田化成工業株式会社,,
農事組合法人フェルムはしたて,,
サスパック商事有限会社,,
長田化成株式会社,,
法順寺,,
株式会社ソウウェル,,
有限会社宮下眼鏡製作所,,
道明寺,,
有限会社ガーデントーク,,
株式会社カネイチ,,
有限会社伊藤光学,,
エスエフ有限会社,,
SOMI168合同会社,,
長善寺,,
有限会社プラスワン・エム,,
有限会社プランドル・ピエ,,
有限会社ウェルネス,,
吉江神社,,
親縁寺,,
株式会社グラシック,,
社会福祉法人慈光保育園,,
株式会社FUNK,,
株式会社愛パック,,
株式会社サンシステム,,
株式会社プログレスジャパン,,
社会福祉法人ふじ乃里,,
株式会社MKC,,
有限会社大日電工,,
株式会社福岡造園,,
鞍馬弘教嚮陽山弘安寺,,
YUME KOUBOU JAPAN株式会社,,
一般社団法人PARK,,
リーフマウンテン株式会社,,
合同会社島克商事,,
株式会社BLESS,,
株式会社悠膳,,
嶋田繊維株式会社,,
株式会社MCworks,,
株式会社CFCデザイン,,
本正寺,,
医療法人日野会,,
医療法人幸心会,,
有限会社中西会計経営事務所,,
株式会社内田工務店,,
株式会社ショクセイ,,
有限会社ブックスランド,,
光照寺,,
加藤エイジェイ織物工業有限会社,,
株式会社福井計器製作所,,
有限会社スリーエス・アイ,,
サバエリサイクル協同組合,,
有限会社中山商会,,
医療法人加藤産婦人科,,
ファーストエンジニアリング株式会社,,
農事組合法人ファーム石田,,
有限会社中野工業所,,
株式会社エイチワークス,,
メイク工業株式会社,,
株式会社佐々木家電,,
手賀精工株式会社,,
鯖江木材株式会社,,
中谷眼鏡株式会社,,
妙法寺,,
株式会社サンブライト,,
合資会社みどりや靴店,,
児玉商事株式会社,,
株式会社ミズタニ工業,,
株式会社ハートフル小柳,,
医療法人柳沢医院,,
有限会社カトーモータース,,
すまいコネクト株式会社,,
株式会社無限企画,,
有限会社ハウスクリーン,,
株式会社ネクサス富士屋,,
合同会社LEONIS,,
理研ワールド株式会社,,
有限会社パールオート,,
オプティカル長谷川有限会社,,
プラントサービス株式会社,,
日本開発株式会社,,
合同会社Sun Flower,,
合同会社友愛商事,,
株式会社ノバ,,
光輪寺,,
株式会社北陸STD,,
水島産業株式会社,,
株式会社児島製作所,,
株式会社佐々木モーター,,
クラシス株式会社,,
株式会社A Inc.,,
合同会社日本まるまるぽよぽよ,,
渡邉工業株式会社,,
有限会社イオ,,
医療法人カマカズ医院,,
株式会社藤本鉄工所,,
株式会社アトミック商事,,
有限会社エヌズシステム工業,,
クッキング福井株式会社,,
株式会社浜野メッキ,,
株式会社ジェイバックス,,
医療法人至要会,,
伊奈洸通商株式会社,,
有限会社ファインゴール,,
株式会社富士屋,,
有限会社青山石油店,,
有限会社トマトコーポレーション,,
株式会社銀座商事,,
株式会社エステートネットハウス,,
有限会社丸武運送店,,
株式会社山田工務店,,
小松光器株式会社,,
有限会社野形企画,,
有限会社中島商事,,
憶念寺,,
有限会社尾関漆器店,,
株式会社サーブ,,
手塚産業株式会社,,
株式会社タニグチ商会,,
株式会社テクノン,,
株式会社みろく,,
株式会社黒田伝兵衛商店,,
BROS JAPAN EVE un BLUE株式会社,,
株式会社アネステイ・コーポレーション,,
株式会社ハイテックオプティカル,,
株式会社鯖江地域交流センター,,
有限会社ヨシダオプチカル,,
株式会社トミックス,,
山壁産業株式会社,,
株式会社リンクリエイト,,
UAゼンセンウラセ労働組合,,
株式会社タイヨー,,
入道眼鏡株式会社,,
株式会社甚松堂漆器,,
株式会社林設計,,
株式会社ハート・ケアくり苑,,
フクオカ精密株式会社,,
株式会社オルフ,,
株式会社SEED,,
株式会社アサヒオプティカル,,
願生寺,,
有限会社ヌリテック,,
有限会社三重工芸,,
株式会社大京商事,,
株式会社リプレッド,,
株式会社LIVE,,
有限会社新福祉,,
株式会社casa,,
高山鉄工所株式会社,,
株式会社北成ファクトリー,,
有限会社丸憲物産,,
株式会社エー・ケー,,
株式会社ゴールデンモンキー,,
株式会社UNITY,,
有限会社御園飯店,,
正ヶ谷神社,,
株式会社ビービーシー,,
株式会社クリエイトスリー,,
田中忠織物株式会社,,
セイブ運輸有限会社,,
報恩寺,,
社会福祉法人光道園,,
有限会社平成開発,,
峰田土建株式会社,,
株式会社サンリーブ,,
株式会社福井プラテックス,,
箱根三丸株式会社,,
有限会社桜寿司,,
株式会社カイセイ,,
株式会社ワイズチョイス,,
有限会社カーペンター鯖江,,
有限会社松山眼鏡部品製作所,,
株式会社アートホールディングス,,
株式会社北陸衛生社,,
斉光電気工事株式会社,,
gallery REAL JAPAN有限会社,,
株式会社オプトメイク福井,,
株式会社サンルックス,,
有限会社コマースエポック,,
有限会社トウエイ,,
社会福祉法人暁会,,
有限会社末広,,
株式会社ダイヤサンフレーム,,
ヨシタカプラスチック株式会社,,
鯖江サイジング株式会社,,
医療法人齋藤歯科医院,,
株式会社シンセイコーポレーション,,
照臨寺,,
特定非営利活動法人たすけあいサロンあわせ柿,,
善祐寺,,
株式会社Division,,
有限会社川中経営サービス,,
真宗寺,,
有限会社福井新聞鯖江西販売店,,
株式会社テクノ・ハシモト,,
有限会社みらい,,
福井めがね工業株式会社,,
株式会社新山,,
株式会社ワァース,,
鯖江鳥羽土地改良区,,
株式会社はらFLOWER,,
東光寺,,
有限会社漆里庵,,
鯖江産業サービス株式会社,,
株式会社マネジメント東信,,
有限会社雅保険コンサルタント,,
有限会社トーヨー電装,,
カンボウキャンバス・カッティング・サービス株式会社,,
社会福祉法人一喜会,,
有限会社シマノ,,
琵琶神社,,
株式会社佐々木工務店,,
合同会社TYエンターテインメント,,
有限会社修繕家,,
株式会社プロダクト・マイスター,,
有限会社天谷撚糸,,
株式会社FUJIKON HOLDINGS,,
株式会社エイビーシーツーリスト,,
株式会社はるか建築工房,,
有限会社サンユー,,
鯖江高速レンタカー有限会社,,
株式会社青山光学,,
有限会社大進光器,,
有限会社三都テック,,
ケアバンク株式会社,,
株式会社リペア・サービス,,
株式会社マル井,,
株式会社オリエンタルモード,,
株式会社ホリテック,,
天満神社,,
有限会社山純,,
妙法寺,,
株式会社ながすぎ,,
有限会社塚田漆工,,
農事組合法人ファーム小泉,,
株式会社ニシザワハウジング,,
株式会社P-COMPASS,,
有限会社土田保険事務所,,
株式会社ビヨンド,,
有限会社マーレン,,
サンダー株式会社,,
有限会社インターモード,,
片山斐株式会社,,
有限会社西尾眼鏡,,
有限会社雅技巧,,
鯖江日野川西部土地改良区,,
有限会社鯖江道路,,
合同会社GoGlobal,,
有限会社サンキ,,
医療法人英晃会,,
株式会社アート引越センター北陸,,
有限会社山内うるし工芸,,
ベルグマル株式会社,,
株式会社ネクセル,,
冨士経編株式会社,,
有限会社保険レスキュー119,,
株式会社カブト,,
株式会社帝通,,
有限会社南部木材,,
株式会社サムゲート,,
有限会社マーベル,,
酒井化学株式会社,,
株式会社極洋産業,,
株式会社ルーステクニカ,,
正楽寺,,
株式会社キミズホールディングス,,
株式会社ふきのとう,,
丹羽建設鋼業株式会社,,
株式会社田中製作所,,
有限会社田野自動車,,
株式会社AIRFIX,,
有限会社クリエ,,
株式会社ダイトー北陸,,
一般社団法人一途,,
株式会社鯖江村田製作所,,
有限会社名倉工芸,,
ニューホンダ福井販売株式会社,,
有限会社北陸特殊工業,,
株式会社マコト眼鏡,,
山本合名会社,,
有定自動車株式会社,,
株式会社田賀エンヂニアリングプラスチツク,,
株式会社ハセケン,,
有限会社ワークオプチカル,,
有限会社佐々木良栄商店,,
トミタ・プロダクト有限会社,,
株式会社藤野オプチカル,,
福井県染色工業協同組合,,
中道院,,
株式会社TRIP,,
株式会社北陸フードシステムズ,,
越前漆器協同組合,,
有限会社ワイエムテキスタイル,,
株式会社ムラケン,,
真覚寺,,
有限会社笠島商店,,
有限会社ブライダルカンパニー興新,,
アイコンタクト福井株式会社,,
有限会社河原木工(閉鎖),,
合同会社小林商会,,
有限会社大幸物流,,
株式会社染谷工業,,
覺円寺,,
有限会社住吉商会,,
木村金属工業株式会社,,
有限会社リブハウス,,
Sanplan株式会社,,
有限会社アイ・ビー眼鏡,,
株式会社佐々木セルロイド工業所,,
株式会社ファインズ,,
特定非営利活動法人キャリアコンサルテーションふくいオアシス,,
近藤醬油味噌醸造株式会社,,
明嚴寺,,
社会福祉法人東陽会,,
株式会社Crockwork,,
株式会社ジェラート・サバエ,,
光明寺,,
荒木産業有限会社,,
有限会社ビートル,,
株式会社サンユー,,
天満神社,,
浜本ホールディングス株式会社,,
株式会社千秋工業,,
社会福祉法人鯖江すみれ保育園,,
吉田産業株式会社,,
有限会社上坂商事,,
株式会社ディーエム,,
森田織物有限会社,,
株式会社田中化成,,
有限会社サンジョーオプチカル,,
鯖江高速観光株式会社,,
医療法人くまもと眼科クリニック,,
有限会社エンジェル,,
誓願寺,,
金子インベスト株式会社,,
有限会社ユートカンパニー,,
長谷川産業有限会社,,
株式会社テクニヤ,,
有限会社南越ファイナンス,,
有限会社藤本電機商会,,
有限会社和思工房,,
株式会社福岡組,,
株式会社協和商事,,
長谷川建設株式会社,,
株式会社福井イエローハット,,
有限会社高島縫製,,
株式会社タンナン保険コンサルタント,,
有限会社吉相,,
鯖江商工会議所,,
有限会社ダイナスティ,,
有限会社ヒノギャラリー,,
鳥夢合同会社,,
有限会社真帆良,,
有限会社杉浦,,
有限会社河野鈑金工業,,
株式会社オズ工芸,,
インライフ株式会社,,
株式会社G.G,,
公益財団法人愛慶会,,
株式会社プラス設計開発,,
サンアイ技研株式会社,,
タカ商事株式会社,,
一般社団法人鯖江中小企業事務協会,,
株式会社西村プレシジョン,,
有限会社孝葉,,
有限会社サクラオプチカル,,
株式会社J.D設計,,
ベイン・インダストリー株式会社,,
福井県鯖江眼鏡協同組合,,
永渡寺,,
株式会社リーコレ,,
蓮生寺,,
株式会社熊野組,,
有限会社ミズシマ,,
フェイスデジタル株式会社,,
レアメタル山岸株式会社,,
有限会社貸衣裳たなか,,
鯖江八ヶ用水土地改良区,,
浄願寺,,
合同会社夢TSUNAGU,,
株式会社フクシン,,
有限会社まき乃呉服店,,
株式会社バオックス,,
ネクステクス株式会社,,
大谷眼鏡光器株式会社,,
有限会社ユタカクラフト,,
特定非営利活動法人たんなん夢レディオ,,
有限会社創夢,,
有限会社三好レンズ,,
山田商事有限会社,,
有限会社ピュアライン,,
有限会社黒田米穀燃料,,
下石田神社,,
株式会社セイシン,,
有限会社グローバル,,
ヒユーマンライフシステム株式会社,,
福島織物株式会社,,
白山神社,,
特定非営利活動法人がん難民ゼロネット,,
株式会社ゼイ・ビー・クラブ,,
株式会社大越プラレンズ,,
有限会社アートシール・サービス,,
第一絹毛有限会社,,
有限会社不動建設,,
有限会社高野漆額店,,
ジャパングローブ株式会社,,
有限会社マスダオプチカル,,
株式会社坂井電機工業所,,
株式会社岩尾石油店,,
エクネス株式会社,,
サツキ建設有限会社,,
LOOSEY株式会社,,
株式会社オカダ精機,,
株式会社ウインドサービス,,
細川織物株式会社,,
本定寺,,
有限会社山岸酒店,,
株式会社日東電機工業所,,
農事組合法人ファーム東陽,,
株式会社エフ・エム・エイ,,
うちだ保険さぽーと合同会社,,
妙樂寺,,
有限会社山本呉服店,,
株式会社クレア,,
青山商事株式会社,,
株式会社松原商事,,
奥越蚕種合資会社,,
福井県眼鏡工業組合,,
西法寺,,
ソーシャルワークス株式会社,,
合同会社T.M.N,,
御嶽教眞義教会,,
鯖江興産株式会社,,
サイト建設株式会社,,
ツルガ眼鏡有限会社,,
サンカシュウ株式会社,,
有限会社舟津工業,,
福井織物巧芸合名会社,,
サイト運輸株式会社,,
西正寺,,
株式会社ロストワックス匠,,
河和田木材株式会社,,
株式会社東亜エンタープライズ,,
ユニゼックス北陸有限会社,,
株式会社山相,,
株式会社jig.jp,,
協同組合鯖江市繊維協会,,
株式会社タナカ工芸,,
平等会寺,,
有限会社ニッキンワーク,,
鯖江土地改良区合同事務所,,
有限会社こむら,,
医療法人鯖江清水耳鼻咽喉科医院,,
株式会社NISHIYAMA,,
有限会社テックハタナカ,,
有限会社桑原産業,,
株式会社英友設備,,
本山誠照寺,,
株式会社晃和建設,,
株式会社橋八幡,,
有限会社福井ロイド,,
鯖江機械工業団地協同組合,,
有限会社三幸,,
特定非営利活動法人エコグループ福井,,
有限会社サンライズ,,
農事組合法人河端ファーム,,
マルイ設備工業株式会社,,
株式会社グローケミカル,,
渡辺産業株式会社,,
株式会社揚原工務店,,
株式会社リュウセイ,,
株式会社ミエダ仮設,,
鯖江河和田土地改良区,,
長久寺,,
社会福祉法人福華会,,
西称寺,,
環境テック株式会社,,
有限会社キャッチアップ,,
與呉神社,,
大綱リボン工業有限会社,,
有限会社フェニックス開発,,
株式会社ウォンツ,,
有限会社オプト・シンセイ,,
越前化製肥料合資会社,,
タナカフォーサイト株式会社,,
株式会社宏栄,,
株式会社COA LASH,,
社会福祉法人鯖江市社会福祉協議会,,
田中建設株式会社,,
有限会社山岸重機,,
株式会社パンジェル,,
ヨシダ工業株式会社,,
ミートカラー産業株式会社,,
株式会社コープさばえ,,
株式会社ネクサス,,
株式会社サカエマーク,,
合同会社ライフコンパス,,
西向寺,,
株式会社グレイス,,
有限会社ファイン,,
株式会社ぱそこん屋,,
株式会社太平造園,,
株式会社リアル・ビジョン,,
有限会社赤星,,
正立寺,,
有限会社ベンハーオプチカル,,
有限会社松田印刷所,,
有限会社光映,,
円光寺,,
有限会社林漆工,,
多和良や株式会社,,
株式会社笠原電器商会,,
シミズ防災株式会社,,
藤枝工業有限会社,,
株式会社アイゼン,,
榊原建設株式会社,,
有限会社鯖江瓦,,
常然寺,,
株式会社ふく竹,,
株式会社伍代工務店,,
一般社団法人つくろお日さまの杜,,
株式会社北道組,,
株式会社大平正オプチカル,,
有限会社永大興業,,
株式会社タキコーポレーション,,
株式会社PUR FUKUI,,
株式会社マイクック,,
福田建設株式会社,,
株式会社長井,,
天理教忠南分教会,,
株式会社KGS,,
有限会社池水管工,,
有限会社向川商店,,
株式会社go out,,
有限会社フロンティア,,
株式会社ボストンクラブ,,
鯖江繊維販売協同組合,,
有限会社パナパックいしざき,,
株式会社かがやき,,
UNOS合同会社,,
ASKAR・KHAN・ANWAR中古車部品株式会社,,
株式会社光栄土地開発,,
山幸商事株式会社,,
山重木材株式会社,,
株式会社ブラボ,,
有限会社陽晃眼鏡,,
株式会社いづみ,,
有限会社九龍飯店,,
株式会社重永工業,,
有限会社中山商店,,
有限会社プラチナ,,
株式会社三和電工社,,
株式会社山本組,,
有限会社ヒカリ・プランニング,,
株式会社マツバラ,,
光有限会社,,
医療法人一乗医院,,
株式会社日世,,
有限会社トランスポート吉川,,
丸中工業有限会社,,
カメマンネン株式会社,,
八幡神社,,
株式会社樹夏夢,,
ふくいあまつ農産業株式会社,,
有限会社天勝眼鏡工業,,
河和田村開拓農業協同組合,,
有限会社バッファロー,,
株式会社芳組,,
春日神社,,
株式会社カクマ,,
合同会社サバエ佐々木商店,,
株式会社加藤工芸,,
株式会社アメニティウエルネス,,
宮本眼鏡株式会社,,
株式会社エツミ光学,,
株式会社フジタ・印刷,,
山田縫製有限会社,,
株式会社ノシカネ,,
霊泉寺,,
株式会社タイホウ,,
合同会社キューエスシー,,
パブリック協同組合,,
株式会社鯖江精密研磨,,
株式会社ニューオサムラ,,
有限会社川上金型,,
一般社団法人鯖江公共未来塾,,
八幡神社,,
大和産業株式会社,,
株式会社竹,,
株式会社アイ・ディ・エス,,
タナカ住建サービス株式会社,,
有限会社ワイエイオプチカル,,
有限会社健康センター北陸,,
有限会社アートテクニカ,,
合同会社ティープラス,,
株式会社パワーユニオン,,
株式会社サクラ工務店,,
株式会社鳥羽産業,,
アイテック株式会社,,
ホリエンジニアリング株式会社,,
有限会社ヨネクラ木工,,
株式会社福井日暉貿易,,
丸永織物株式会社,,
新光通信工業株式会社,,
白山神社,,
丸美建設不動産株式会社,,
高野機業株式会社,,
株式会社山田定右エ門漆器店,,
有限会社竹内石材店,,
株式会社オネスト,,
中野神社,,
有限会社くすりのエスオーエス(閉鎖),,
一般社団法人めがねの窓口,,
一般社団法人鯖江市スポーツ協会,,
医療法人産婦人科鈴木クリニック,,
株式会社吉満オプチカル,,
渡邊電気株式会社,,
株式会社エステートブロードバンド,,
有限会社乙部工芸,,
黑袴神社,,
fleur株式会社,,
株式会社マルシン漆器,,
鯖精マシンサービス株式会社,,
有限会社出村,,
日本海商事株式会社,,
西照寺,,
有限会社吉勝フレーム,,
有限会社石山,,
有限会社トミタ保険オフィス,,
株式会社岩佐,,
株式会社笠原眼鏡,,
株式会社鯖江第一ホテル,,
有限会社みのるや,,
株式会社ルーツ,,
有限会社鯖江技缶工業,,
khomloy合同会社,,
有限会社アラヤ建材,,
福井共立医設株式会社,,
有限会社田中薬品,,
株式会社リーハウス,,
有限会社多田製作所,,
株式会社ライブリッジ,,
鯖江交通株式会社,,
有限会社福井新聞水落販売店,,
鯖乃家合同会社,,
アドバンスシティ株式会社,,
有限会社リオ,,
有限会社介護サポート翼,,
株式会社ニューコールズ,,
本法寺,,
上塚織布有限会社,,
浄法寺,,
有限会社ムスター,,
株式会社増永商事,,
有限会社森喜織物,,
フクタケ眼鏡有限会社,,
株式会社三和ホールディングス,,
株式会社谷口設備,,
株式会社地建サービス,,
有限会社るねっと,,
有限会社共栄,,
有限会社オプティカル渡辺,,
ツーダイヤオプティカル株式会社,,
誠長寺,,
悦相院,,
大塚漆器株式会社,,
有限会社三洋,,
株式会社アプラスクール,,
有限会社REALJAPAN,,
株式会社ケィテオプチカ,,
株式会社フクオカラシ,,
株式会社ハル,,
西蓮寺,,
有限会社琵琶自工,,
株式会社松,,
有限会社マスダ,,
中部紙工有限会社,,
真宗山元派,,
有限会社田端金型,,
有限会社アネックス,,
株式会社JURAKU,,
有限会社マグティク,,
有限会社昴成都市計画,,
医療法人隆仁会,,
サイトーバンキン株式会社,,
株式会社リョウコウ,,
合同会社ジャパンインペックス,,
株式会社牧野塗装店,,
有限会社ヒューマンデザイン,,
有限会社アクアテック,,
牧野鉄筋工業株式会社,,
株式会社福井プラン,,
有限会社ケイ・エス染工,,
株式会社エス・ケイ・ワイ・システムズ,,
協同組合さわやかグループ,,
株式会社永杉政士商店,,
山與織物株式会社,,
I.P.S.PACK有限会社,,
三の丸ホーム株式会社,,
株式会社曽明漆器店,,
有限会社オートサービス福井(閉鎖),,
ベルクスペース株式会社,,
光泉寺,,
有限会社協栄工業,,
The Blackmountain株式会社,,
鯖江環境整備事業協同組合,,
株式会社長谷川商店,,
有限会社西嶋産業,,
藤田産業株式会社,,
有限会社木水石材,,
有限会社オプティックマスナガ,,
株式会社エイチ・アール・エイ,,
農事組合法人あすなろ生産組合,,
有限会社エフブイダイアップ,,
有限会社サンエスホーム,,
シヤインプラスチツク株式会社,,
特定非営利活動法人エヌピーオふれあいそして自立,,
八幡神社,,
株式会社グラウンドキャッスル,,
有限会社丸善電気商会,,
合同会社Creators Company,,
有限会社咲和惟,,
株式会社トーキン,,
株式会社田商,,
有限会社コジマ恒産,,
竹内機工株式会社,,
社会福祉法人高思会,,
有限会社小林漆器店,,
日康建設株式会社,,
有限会社冨樫工業,,
株式会社A.J,,
株式会社ケミックスエンジニアリング,,
八田ホールディングス株式会社,,
株式会社ピーワン,,
日建土地開発株式会社,,
株式会社ケミックス,,
尾花生産森林組合,,
安楽寺,,
特定非営利活動法人ふくい町守ネットワーク,,
株式会社佐々木土建,,
株式会社トレフル,,
株式会社キッソオ,,
葵商事株式会社,,
有限会社水野レンズ,,
農事組合法人ファーム穂や農,,
株式会社コードー,,
山金漆器株式会社,,
株式会社キタジマ,,
株式会社服飾工房サチコ,,
株式会社ニュース,,
日本共益株式会社,,
鯖江新横江土地改良区,,
株式会社カナダニ,,
有限会社HAIR LINE be cool,,
合同会社アズワン・パートナーズ,,
株式会社コスモファーム,,
食協同組合,,
オリエント眼鏡株式会社,,
協和化学株式会社,,
社会福祉法人白蓮福祉会,,
株式会社エフ建設,,
HOP合同会社,,
株式会社下村漆器店,,
有限会社ユーアイメガネ,,
有限会社清水精工,,
株式会社ムック,,
有限会社高田建築事務所,,
有限会社プリンティング富徳,,
品川設備株式会社,,
株式会社GANKYO,,
有限会社カミナカ眼鏡,,
有限会社弁天パーク,,
株式会社ORANGE,,
株式会社晃梅,,
株式会社Office Exit,,
エムエーコンサルタント有限会社,,
有限会社藤田めがね,,
有限会社オーゼット,,
神明神社,,
法隆寺,,
株式会社フオルクス,,
株式会社いずもや,,
株式会社J F WOOD,,
有限会社ハル・オプテツク,,
有限会社うるし工芸藤,,
有限会社マルトミデザインプラント,,
株式会社イー・ヴィ・アイ,,
株式会社福井クラフト,,
善照寺,,
株式会社文明堂書店,,
有限会社ファー・シール企画,,
株式会社前沢工務店,,
株式会社オー・エー・,,
有限会社エヌ・テック,,
医療法人たかはし内科婦人科医院,,
有限会社プリマックス,,
有限会社アイフレックス,,
徳正寺,,
合同会社komichi,,
特定非営利活動法人福井教育研究会,,
有限会社ハウジングサイト,,
有限会社中松,,
三工工業株式会社,,
有限会社中央硝子,,
株式会社藤田製作所,,
株式会社キムラ・プランニング,,
福井ソーイング株式会社,,
株式会社From smile,,
株式会社K・F・F,,
有限会社エビス商事,,
常在院,,
北陸繊維工業株式会社,,
田中段ボール工業株式会社,,
特定非営利活動法人フードバンクふくい,,
株式会社ナノ・ブレイン,,
グラシコ株式会社,,
株式会社山本市兵衛商店,,
観音寺,,
株式会社シューユウ,,
有限会社堀江漆工,,
サンエー光学株式会社,,
株式会社オプト・ヤマギシ,,
有限会社ケーアイ,,
医療法人はやしクリニック,,
株式会社綜合保険センター,,
株式会社福井中央漬物,,
盛隆寺,,
有限会社東京バンカム,,
有限会社宮越道路,,
八幡神社,,
株式会社シンツウ,,
株式会社G・コア,,
有限会社イー・プラス,,
株式会社EC3,,
春日神社,,
熊野繊維工業株式会社,,
専念寺,,
有限会社福井ピアノ配送センター,,
天谷電気工事株式会社,,
株式会社上山建設,,
FA観光サポート株式会社,,
株式会社応用芸術研究所,,
株式会社カーセンターしみず,,
株式会社友進,,
株式会社ルワン,,
瀧ケ花運送株式会社,,
株式会社アップテック,,
株式会社吉田屋漆器,,
有限会社ロイヤル商事,,
株式会社マルヨシ漆器店,,
有限会社エスエムエル,,
サンオプチカル株式会社,,
JA・VIブリッジ合同会社,,
株式会社鯖江営繕,,
株式会社oogen,,
株式会社LIB,,
株式会社TOKO,,
有限会社サクセス,,
株式会社Weave of Life B,,
株式会社丸栄建築設計事務所,,
医療法人援腎全会,,
株式会社コード,,
合資会社高田製作所,,
株式会社辻めがね,,
株式会社オークラ,,
鯖江タクシー株式会社,,
株式会社宮田食品,,
株式会社だるま屋漆器店,,
真オプティカル株式会社,,
有限会社広晴,,
合資会社ことぶき商店,,
株式会社ナチュレホーム,,
株式会社アイデアルホーム,,
合同会社m.briller,,
社会福祉法人草の実福祉会,,
アイフォーティー株式会社,,
一般社団法人デジタル紙芝居映像回想研究会,,
有限会社ユービー眼鏡,,
株式会社富樫製作所,,
有限会社からや漆器,,
株式会社アドバンステック,,
渡辺リボン株式会社,,
株式会社福岡,,
株式会社クララ調剤薬局,,
株式会社わどう,,
株式会社BARON,,
合同会社F-care,,
株式会社芦田技工,,
鯖江羽布研磨有限会社,,
特定非営利活動法人エコプラザさばえ,,
株式会社みらいファイル,,
有限会社おおつか,,
有限会社田中正建材,,
專光寺,,
有限会社ミキ,,
鯖江下新庄土地改良区,,
有限会社カトウ精機,,
有限会社弁天,,
株式会社たんなんファーム,,
有限会社高橋鉄筋,,
岡野コンクリート株式会社,,
北陸不動産株式会社,,
一般社団法人鯖江市医師会,,
證誠寺,,
有限会社福田木材,,
有限会社オズ・ワークス,,
株式会社サイトーオプチカル,,
合同会社SACHI,,
有限会社熊野米穀店,,
稲荷神社,,
株式会社コームラ,,
税理士法人野村会計,,
株式会社川嶋電気,,
沢正眼鏡株式会社,,
株式会社セブン,,
株式会社ドリームプロジェクト,,
高橋姉妹有限会社,,
株式会社よしむら,,
諏訪神社,,
株式会社技研開発,,
株式会社セーケン,,
株式会社Car Glass SABAE,,
有限会社KTBサービス,,
合同会社ベンチ,,
株式会社貘の棲む森,,
有限会社山本防災設備,,
株式会社松田塗装店,,
サバエサニタリーサービス株式会社,,
株式会社ネット求人コンサルタント,,
株式会社キャンパック,,
株式会社伸永,,
クリーンテクノ株式会社,,
有限会社スリム商事,,
有限会社ナカムラモータース,,
株式会社ユウシ,,
有限会社千秋,,
株式会社服部薬局,,
株式会社大黒屋,,
株式会社山森眼鏡,,
丸越運輸有限会社,,
合同会社福銘齋,,
有限会社鳶雄工業,,
ル・ミリオン・コーポレーション有限会社,,
株式会社大和,,
株式会社NALER,,
有限会社ファイナンシャルプランナーズ福井,,
株式会社小原鉄工,,
有限会社アイショウ技研,,
株式会社ジゴスペック,,
医療法人きむら内科医院,,
株式会社ワークスファクトリー,,
酒井織物有限会社,,
有限会社平成不動産,,
有限会社エン・ゾーン,,
有限会社北信産商,,
株式会社TAKA ROCK WORKS,,
株式会社さいん工房,,
覚善寺,,
有限会社エグゼ・コーポレーション,,
ウエルズ株式会社,,
株式会社ドルフィン,,
株式会社恵比寿家,,
白山神社,,
大英工専有限会社,,
有限会社河和田工芸,,
玉邑農機株式会社,,
有限会社宇野技研,,
特定非営利活動法人とらいあんぐるふくい,,
株式会社藤井製作所,,
株式会社このは整氣堂,,
有限会社サバエ防災,,
株式会社山広,,
株式会社アイランド,,
株式会社若吉製作所,,
株式会社アオヤギ,,
ネライ株式会社,,
特定非営利活動法人小さな種・ここる,,
山久漆工株式会社,,
株式会社ignote,,
株式会社AUTO LK,,
八幡神社,,
株式会社ジーク,,
高間土地開発株式会社,,
有限会社和田商事,,
有限会社ミルクセンタータキナミ,,
真宗誠照寺派,,
万法寺,,
株式会社SCOPE,,
寺本眼鏡株式会社,,
有限会社ナカムラ・テクニカル,,
エムテク株式会社,,
有限会社レッツ・アイかわもと,,
株式会社アルバックス,,
株式会社タケベ無線,,
医療法人王山,,
天満神社,,
有限会社三六開発,,
鯖江・丹生消防組合,,
有限会社福井キャスト,,
有限会社辻研磨,,
丸富漆器株式会社,,
有限会社上田精工,,
株式会社ガード,,
熊野神社,,
有限会社ぴーぷ留,,
有限会社井上徳木工,,
株式会社日本まるこめホールディングス,,
有限会社サンドグラス,,
株式会社ミドリ防災,,
戸ノロ運輸株式会社,,
八田経編株式会社,,
アルテック福井株式会社,,
株式会社牧野会計・労務コンサルタント,,
合同会社Keiメンテナンス,,
株式会社佐々木漆店,,
堀井織物有限会社,,
有限会社加邦興産,,
高庄織物株式会社,,
有限会社サバエリサイクルセンター,,
社会福祉法人福授園,,
株式会社Hacoa,,
福正寺,,
有限会社リーダース企画,,
有限会社はやし,,
有限会社ミクロ・アート,,
株式会社ミユキ工業,,
カセン産業株式会社,,
有限会社聴琴亭,,
有限会社ファッションプレス・サカイ,,
有限会社美容室レディ,,
株式会社日創,,
福井教育図書株式会社,,
株式会社リペア,,
株式会社上出眼鏡,,
有限会社岸本機料店,,
株式会社柏崎モータース,,
阪井産業株式会社,,
有限会社高橋商店,,
金子パートナーズ合同会社,,
有限会社協立コーティング,,
有限会社ルミネテック大空,,
有限会社アレツクス,,
有限会社森永ミルクセンター丹南,,
有限会社新菱,,
株式会社大森,,
丹羽精工株式会社,,
有限会社YMT,,
有限会社タムラ,,
一乘寺,,
株式会社ノーザンスター,,
有限会社セガワ工業,,
特定非営利活動法人心の絆,,
山本ボイラー工業株式会社,,
松原蝶製作有限会社,,
株式会社サンライン,,
一般社団法人ゆるパブリック,,
株式会社蛍匠,,
株式会社大志創建,,
株式会社FLOWER ROSE,,
株式会社ホルザフクイ,,
鈴木眼鏡工業株式会社,,
株式会社タカハシ,,
株式会社アライアルミ,,
株式会社エンジョイアイウエア,,
株式会社新日本産業,,
有限会社ユートピア,,
株式会社アイビス高島,,
有限会社ピュア・クリーンゼット,,
福井精光協同組合,,
有限会社寿がや,,
アルファ株式会社,,
有限会社ミヤシタオプトメーク,,
株式会社みーつ,,
株式会社美装ジャパン,,
一般社団法人ジュネスlab,,
株式会社北成,,
株式会社ヨシケイ福井,,
株式会社サンフレッシュ,,
株式会社鯖江工業所,,
社会福祉法人あおい保育園,,
西福寺,,
エフネット株式会社,,
株式会社マイセンファインフード,,
合名会社増永商会,,
鯖江商業協同組合,,
株式会社ヒカリ精工,,
有限会社若吉プラスチック,,
有限会社ニシザワ紙文具,,
合同会社dforce,,
株式会社エイコー金属,,
有限会社虹の家,,
有限会社花ひろ,,
一般社団法人Nexeedさばえ,,
有限会社サンエツ工業,,
株式会社淀川金型,,
有限会社福井新聞神明販売店,,
有限会社山本製作所,,
株式会社輪護会,,
福井物産株式会社,,
株式会社グラフィホールディングス,,
有限会社エステック冷熱,,
株式会社丸山久右衛門商店,,
株式会社わがや,,
株式会社石本石材,,
八幡神社,,
株式会社ハッコウ,,
法常寺,,
有限会社司運送,,
ケーザン商事株式会社,,
株式会社モードサロンいわさ,,
マイプレイス合同会社,,
南光寺,,
藤田光学株式会社,,
有限会社山司金型,,
株式会社コンディショニングシステムズ,,
ポータルサイト北陸株式会社,,
株式会社ノベルティアイウェア,,
株式会社ダイバシテイ,,
株式会社Arcobaleno International,,
有限会社福井新聞鯖江北販売店,,
ニュー・ソイル株式会社,,
エイティーンス電子工業株式会社,,
笠利機業有限会社,,
有限会社タカナリ,,
有限会社寺崎加工所,,
有限会社クリスタル,,
有限会社小林設備,,
有限会社清水漆器,,
株式会社沢田与三八堂,,
有限会社星矢幸福堂,,
株式会社山田管工,,
有限会社昭和自動車,,
株式会社山本精機,,
株式会社ヤマグチ光学,,
株式会社でんきランドはやし,,
株式会社アイム,,
アレス眼鏡株式会社,,
株式会社ハロン,,
有限会社サムライト,,
ソニアシステム株式会社,,
有限会社エフ・アールティー,,
リバー物流株式会社,,
有限会社原松工芸,,
株式会社越前夢工房,,
有限会社ピー・ケー・ルミナス,,
公益社団法人鯖江市シルバー人材センター,,
有限会社前澤商会,,
福サイ株式会社,,
西光寺,,
株式会社橋本佛壇本店,,
有限会社栄倖,,
有限会社イーエックス工房青山,,
株式会社にじいろコンタクト,,
小林労災予防コンサルタント株式会社,,
株式会社セキサカ,,
タキガハナファーム株式会社,,
藤井産業株式会社,,
つつじ株式会社,,
合資会社相馬タクシー,,
株式会社マツダプラスチツク,,
株式会社AIP,,
医療法人紫雲会,,
株式会社木村土木企画,,
株式会社ヴィンネットワーク,,
有限会社小谷工業,,
株式会社ミナミ興産,,
フジモト不動産株式会社,,
株式会社ウノテキスタイル,,
社会福祉法人やなぎ保育園,,
ノアの森株式会社,,
水上建設株式会社,,
株式会社コンベックス,,
トシ・タナカ株式会社,,
株式会社清水組,,
源伸堂合同会社,,
酒伊エンブロイ株式会社,,
有限会社鯖江菓撰栄進堂,,
有限会社西嶋興業,,
株式会社澤田,,
甲斐運送株式会社,,
有限会社しまだ工房,,
有限会社ワイズ,,
有限会社ジェーテック,,
アサ鯖江中央有限会社,,
株式会社ワシダ機械サービス,,
システマックス株式会社,,
株式会社リリーフ,,
株式会社斎藤金物店,,
鯖江印刷協同組合,,
有限会社中口商店,,
有限会社室田モータース,,
株式会社アイビジョン,,
株式会社ホプニック研究所,,
株式会社ナカタニ,,
有限会社イマジン,,
豊酒造株式会社,,
有限会社染匠西むら,,
ブロスジャパン不動産株式会社,,
株式会社白崎ホールディングス,,
大東産業株式会社,,
医療法人幸道眼科,,
高松メツキ工業株式会社,,
株式会社いしい,,
Bros Japan Export株式会社,,
正覺寺,,
有限会社キンゾー運輸,,
医療法人藤庵会,,
株式会社竹本眼鏡製作所,,
株式会社吉村建装,,
株式会社共同建設,,
株式会社丸,,
株式会社べるべーる,,
株式会社千手,,
石黒砕石株式会社,,
株式会社ツカサ,,
有限会社バーツエンジニア,,
鯖江東部土地改良区,,
有限会社伊藤製作所,,
株式会社三工光学,,
株式会社宮本測量建設,,
インターハウス株式会社,,
有限会社丹南環境,,
株式会社竹内ビロード工業,,
徳橋農場株式会社,,
株式会社イトカツ,,
有限会社三明設備,,
上本レース株式会社,,
株式会社ササキ・メッキ,,
有限会社ハッピーメーカー,,
有限会社アイビ,,
有限会社アヴィニオン,,
株式会社小松工業,,
八幡神社,,
DSK株式会社,,
カワイチ産業株式会社,,
前田精工有限会社,,
株式会社大久保物流,,
特定非営利活動法人緑地雑草科学研究所,,
岡山神社,,
株式会社ヒカリ商會,,
株式会社ライティングアース,,
株式会社U Company,,
八幡神社,,
リブライト株式会社,,
株式会社エレガント眼鏡,,
有限会社サンカラー,,
山田フレーム有限会社,,
蓮光寺,,
八幡神社,,
有限会社サバエコーポレーション,,
林商事株式会社,,
医療法人ひかる歯科医院,,
特定非営利活動法人さばえスポーツクラブ,,
白山神社,,
株式会社ALTERNA,,
株式会社ウォーク,,
株式会社ササキ・コーポ,,
有限会社堀内漆器店,,
若越工業株式会社,,
有限会社二谷商店,,
株式会社ワカヤマ,,
株式会社テクノコージ,,
合同会社アオ急,,
株式会社アモーレながすぎ,,
株式会社北陸濾化,,
有限会社八十八,,
株式会社Vivra fleur,,
株式会社アーキテクノ,,
株式会社石黒組(閉鎖),,
三田村建築工房有限会社,,
立待吉江土地改良区,,
有限会社トゥエンティー・ファースト,,
鯖江市鉄工協同組合,,
株式会社Nextage,,
高島リボン株式会社,,
株式会社栄工務店,,
株式会社ニッセイ,,
有限会社前田モータース,,
医療法人川口小児科医院,,
株式会社ヨーロツパン・キムラヤ,,
エルテック株式会社,,
株式会社サイズ,,
有限会社サワダ,,
株式会社内田商店,,
片上神社,,
有限会社マクロ技研,,
株式会社日金マテリアル,,
株式会社奥田家具,,
有限会社ヤマジン自動車,,
株式会社関眼鏡製作所,,
特定非営利活動法人エル・コミュニティ,,
株式会社ギビンググッド,,
圓誠寺,,
有限会社ライフケア,,
新世界建設有限会社,,
揚原織物工業株式会社,,
有限会社カスタム,,
一般社団法人日本動画集客協会,,
株式会社マネジメント鯖江,,
有限会社北陸鉱泉,,
有限会社鯖江工芸,,
株式会社川畑精工,,
有限会社田所織産,,
石田神社,,
西大井を美しくする会,,
越前漆器株式会社,,
北越トラツク急送有限会社,,
株式会社利平,,
株式会社LEGACY,,
竹内産業有限会社,,
鯖江サイジング協同組合,,
ヒットクラフト協同組合,,
株式会社竹内機料商店,,
CLS株式会社,,
有限会社シナガワ加工,,
株式会社スキーム,,
白山神社,,
一般社団法人福井県眼鏡協会,,
有限会社クロワール,,
有限会社大門眼鏡製作所,,
株式会社シー・アンド・エム,,
倉内運送有限会社,,
株式会社斎藤金蔵商店,,
株式会社マツヤベーカリー,,
有限会社飛翔,,
株式会社加藤機工,,
株式会社栄新,,
株式会社内藤眼鏡,,
株式会社特機サービス,,
株式会社アースリング,,
相互タクシー株式会社,,
有限会社メンテ・エヌ・エス,,
丹羽眼鏡工業株式会社,,
北陸薬品株式会社,,
法林寺,,
株式会社大洋,,
アゼリアサービス有限会社,,
有限会社三里建設,,
株式会社岩城工業所,,
北陸技術サービス株式会社,,
株式会社ゼロコーポレーション,,
株式会社福井熱処理,,
有限会社前田電気工業所,,
有限会社タック,,
有限会社谷口眼鏡,,
株式会社ディスカバーモビリティサービス,,
株式会社セイブ営繕,,
株式会社アクア,,
公立丹南病院組合,,
株式会社定政オート販売,,
防災士ネットワークさばえ,,
西教寺,,
株式会社越前メガネセンター,,
有限会社わしだソーイング,,
社会福祉法人日野会,,
ブライト商事株式会社,,
有限会社アグリエース,,
青山眼鏡株式会社,,
合資会社加藤吉平商店,,
最上本山別院鯖江最上教会,,
有限会社山和工業,,
株式会社小林大伸堂,,
鯖江魚市株式会社,,
有限会社駒野商会,,
丸金繊維株式会社,,
社会福祉法人あすなろ福祉会,,
昌福貿易株式会社,,
株式会社AZ works,,
稲荷神社,,
有限会社アイ・キャンバス,,
株式会社竹商,,
萬慶寺,,
ドクタームセン株式会社,,
有限会社ゆう,,
西福寺,,
若吉光学工業株式会社,,
株式会社TANABE,,
TNA北陸有限会社,,
有限会社プラスコン,,
株式会社コマツオプティカル,,
ホプニック株式会社,,
有限会社近藤,,
ユニバーサルエージェント株式会社,,
天理教生立分教会,,
有限会社ヤマミネ,,
有限会社西山ストア,,
山口商店株式会社,,
鯖江丸魚有限会社,,
鯖江管工事業協同組合,,
有限会社内藤薬品,,
鯖江河端土地改良区,,
福井絹商事株式会社,,
伊藤眼鏡工業株式会社,,
有限会社フジタ商店,,
株式会社マックス,,
有限会社グレイス,,
山清工業株式会社,,
医療法人ア歯科峯田診療所,,
レミゼ株式会社,,
有限会社創建,,
株式会社MIMURA,,
若宮八幡神社,,
株式会社ニュース,,
株式会社高島組,,
有限会社_付屋,,
山本運輸株式会社,,
株式会社ケイプラス,,
株式会社東さばえ動物病院,,
有限会社若林樹脂,,
クリエ・シーエツクス株式会社,,
株式会社J.C.通商,,
