sequenceNumber,corporateNumber,process,correct,updateDate,changeDate,name,nameImageId,kind,prefectureName,cityName,streetNumber,addressImageId,prefectureCode,cityCode,postCode,addressOutside,addressOutsideImageId,closeDate,closeCause,successorCorporateNumber,changeCause,assignmentDate,latest,enName,enPrefectureName,enCityName,enAddressOutside,furigana,hihyoji
15,1010001224050,新規,0,2022-01-25,2022-01-25,株式会社蔭山行楽社,00125508,株式会社,東京都,文京区,千駄木２丁目３３番５－１００１号,,13,105,1130022,,,,,,,2022-01-25,1,,,,,カゲヤマコウラクシャ,0
16,1010001224067,新規,0,2022-01-25,2022-01-25,株式会社ＧＲＩＴｚ,,株式会社,東京都,千代田区,内幸町２丁目１番１号,,13,101,1000011,,,,,,,2022-01-25,1,,,,,グリッツ,0
19,1010003036840,新規,0,2022-01-25,2022-01-25,合同会社オクヴァン,,合同会社,東京都,千代田区,神田北乗物町１６番地,,13,101,1010036,,,,,,,2022-01-25,1,,,,,オクヴァン,0
20,1010003036857,新規,0,2022-01-25,2022-01-25,ストロングポインツワイルド合同会社,,合同会社,東京都,中央区,築地６丁目２番１２号,,13,102,1040045,,,,,,,2022-01-25,1,,,,,ストロングポインツワイルド,0
21,1010005034495,新規,0,2022-01-25,2022-01-25,エスティクサツ一般社団法人,,その他の設立登記法人,東京都,千代田区,丸の内３丁目１番１号東京共同会計事務所内,,13,101,1000005,,,,,,,2022-01-25,1,,,,,エスティクサツ,0
22,1010101015044,新規,0,2022-01-25,2022-01-25,株式会社藤建,,株式会社,東京都,八王子市,犬目町５９６番地１,,13,201,1930802,,,,,,,2022-01-25,1,,,,,フジケン,0
28,1010401165150,新規,0,2022-01-25,2022-01-25,ＺＥＹ株式会社,,株式会社,東京都,港区,赤坂３丁目１１番１５号４階ＶＯＲＴ赤坂見附,,13,103,1070052,,,,,,,2022-01-25,1,,,,,ゼイ,0
34,1010403026953,新規,0,2022-01-25,2022-01-25,Ｃｈｏｃｏｍｅａｔ合同会社,,合同会社,東京都,港区,南青山２丁目２番１５号,,13,103,1070062,,,,,,,2022-01-25,1,,,,,チョコミート,0
37,1010405020599,新規,0,2022-01-25,2022-01-25,一般社団法人明大アスレチックマネジメント,,その他の設立登記法人,東京都,港区,芝大門１丁目１番１号,,13,103,1050012,,,,,,,2022-01-25,1,,,,,メイダイアスレチックマネジメント,0
38,1010405020608,新規,0,2022-01-25,2022-01-25,エムケースリー特定目的会社,,その他の設立登記法人,東京都,港区,虎ノ門３丁目２２番１０－２０１号,,13,103,1050001,,,,,,,2022-01-25,1,,,,,エムケースリー,0
39,1010405020624,新規,0,2022-01-25,2022-01-25,ＪＭドラコ特定目的会社,,その他の設立登記法人,東京都,港区,虎ノ門４丁目３番１号城山トラストタワー２７階ＳａｎｎｅＧｒｏｕｐＪａｐａｎ株式会社内,,13,103,1050001,,,,,,,2022-01-25,1,,,,,ジェイエムドラコ,0
42,1010601060548,新規,0,2022-01-25,2022-01-25,ＴｒｅｅＴｒｅｅ株式会社,,株式会社,東京都,墨田区,墨田３丁目６番１３－５０２号,,13,107,1310031,,,,,,,2022-01-25,1,,,,,ツリーツリー,0
44,1010701042033,新規,0,2022-01-25,2022-01-25,ＷＩＮＤ株式会社,,株式会社,東京都,品川区,大崎２丁目７番５号シャローム１０２,,13,109,1410032,,,,,,,2022-01-25,1,,,,,ウィンド,0
46,1010801032677,新規,0,2022-01-25,2022-01-25,おおにしでんき株式会社,,株式会社,東京都,大田区,東矢口２丁目１５番１３号,,13,111,1460094,,,,,,,2022-01-25,1,,,,,オオニシデンキ,0
47,1010901050224,新規,0,2022-01-25,2022-01-25,株式会社サイバーシップス,,株式会社,東京都,世田谷区,弦巻４丁目５番１８－２０２号,,13,112,1540016,,,,,,,2022-01-25,1,,,,,サイバーシップス,0
52,1011001145055,新規,0,2022-01-25,2022-01-25,株式会社Ｏｎｅ　ｈａｎｄｅｄ,,株式会社,東京都,渋谷区,神泉町１４番３号,,13,113,1500045,,,,,,,2022-01-25,1,,,,,ワンハンデッド,0
53,1011001145096,新規,0,2022-01-25,2022-01-25,株式会社Ｄｉｊｏｎ,,株式会社,東京都,渋谷区,代々木１丁目３０番１５号,,13,113,1510053,,,,,,,2022-01-25,1,,,,,ディジョン,0
54,1011001145138,新規,0,2022-01-25,2022-01-25,株式会社ＭＩＮＥ,,株式会社,東京都,渋谷区,上原３丁目１３番１６号,,13,113,1510064,,,,,,,2022-01-25,1,,,,,マイン,0
55,1011001145146,新規,0,2022-01-25,2022-01-25,株式会社ショートケークス,,株式会社,東京都,渋谷区,富ヶ谷１丁目５１－１２代々木公園ハウス３０３,,13,113,1510063,,,,,,,2022-01-25,1,,,,,ショートケークス,0
56,1011001145154,新規,0,2022-01-25,2022-01-25,株式会社Ｌｅ　Ｃｉｅｌ　ｂｌｅｕ,,株式会社,東京都,渋谷区,神宮前６丁目２３番４号,,13,113,1500001,,,,,,,2022-01-25,1,,,,,ルシエルブルー,0
58,1011003014068,新規,0,2022-01-25,2022-01-25,合同会社ＡＫＡＭＥＥ,,合同会社,東京都,渋谷区,渋谷２丁目６番２号,,13,113,1500002,,,,,,,2022-01-25,1,,,,,アカミー,0
74,1011201023580,新規,0,2022-01-25,2022-01-25,株式会社よかよか介護ＤＸサポートセンター,,株式会社,東京都,中野区,沼袋４丁目９番８号,,13,114,1650025,,,,,,,2022-01-25,1,,,,,,0
86,1011401023975,新規,0,2022-01-25,2022-01-25,株式会社ヨシザトデザイン,,株式会社,東京都,板橋区,成増１丁目１３番１２号第２グリーンビル４Ｆ,,13,119,1750094,,,,,,,2022-01-25,1,,,,,ヨシザトデザイン,0
97,1011801040232,新規,0,2022-01-25,2022-01-25,株式会社Ｎファーマ,,株式会社,東京都,葛飾区,奥戸２丁目４２番１３号１階,,13,122,1240022,,,,,,,2022-01-25,1,,,,,エヌファーマ,0
103,1013101008835,新規,0,2022-01-25,2022-01-25,株式会社サイトウ,,株式会社,東京都,あきる野市,二宮１１４２番地１４,,13,228,1970814,,,,,,,2022-01-25,1,,,,,サイトウ,0
106,1020001144909,新規,0,2022-01-25,2022-01-25,村田商事株式会社,,株式会社,神奈川県,横浜市青葉区,田奈町９番地９,,14,117,2270064,,,,,,,2022-01-25,1,,,,,ムラタショウジ,0
107,1020001144925,新規,0,2022-01-25,2022-01-25,株式会社ラピス,,株式会社,神奈川県,横浜市金沢区,釜利谷西２丁目３４番２号,,14,108,2360046,,,,,,,2022-01-25,1,,,,,,0
110,1020003021189,新規,0,2022-01-25,2022-01-25,ＲＯＪＥＥ　ＥＮＴＥＲＰＲＩＳＥ合同会社,,合同会社,神奈川県,横浜市都筑区,北山田１１０番地５（横浜港北オフィス２Ｆ－２１）,,14,118,2240000,,,,,,,2022-01-25,1,,,,,ロジィエンタープライズ,0
111,1021001075012,新規,0,2022-01-25,2022-01-25,株式会社ＳＧＲ,,株式会社,神奈川県,相模原市緑区,根小屋２０６４番地３,,14,151,2520153,,,,,,,2022-01-25,1,,,,,エスジーアール,0
112,1021001075029,新規,0,2022-01-25,2022-01-25,株式会社Ａ－ＳＴＹＬＥＳ,,株式会社,神奈川県,平塚市,紅谷町９番１８号中島ビル３Ｆ,,14,203,2540043,,,,,,,2022-01-25,1,,,,,エースタイルズ,0
118,1030001146474,新規,0,2022-01-25,2022-01-25,株式会社新陽商事,,株式会社,埼玉県,川越市,大字的場２８５３番地１６（アベニュー大沢１０２号室）,,11,201,3501101,,,,,,,2022-01-25,1,,,,,シンヨウショウジ,0
119,1030001146499,新規,0,2022-01-25,2022-01-25,株式会社森宇商事,,株式会社,埼玉県,さいたま市南区,大字太田窪２２１６番地１９号,,11,108,3360015,,,,,,,2022-01-25,1,,,,,モリイエショウジ,0
132,1040001121930,新規,0,2022-01-25,2022-01-25,株式会社ＷｉｌｌＤａｗｎ,,株式会社,千葉県,市川市,大野町２丁目１８８４－２,,12,203,2720805,,,,,,,2022-01-25,1,,,,,ウィルダウン,0
136,1040003019347,新規,0,2022-01-25,2022-01-25,ＫＡＩＲＯＳ　ＴＲＡＤＩＮＧ合同会社,,合同会社,千葉県,市川市,市川３丁目２９番７号ＫＳビル５０１,,12,203,2720034,,,,,,,2022-01-25,1,,,,,カイロストレーディング,0
137,1040003019371,新規,0,2022-01-25,2022-01-25,合同会社エクセル,,合同会社,千葉県,千葉市中央区,富士見１丁目１４－１３千葉大栄ビル８Ｆ,,12,101,2600015,,,,,,,2022-01-25,1,,,,,エクセル,0
146,1090001017380,新規,0,2022-01-25,2022-01-25,ＤＮヒューマンキャピタル株式会社,,株式会社,山梨県,甲斐市,島上条１７８６番地２,,19,210,4000123,,,,,,,2022-01-25,1,,,,,ディーエヌヒューマンキャピタル,0
155,1120001243378,新規,0,2022-01-25,2022-01-25,株式会社バウンステクノロジー,,株式会社,大阪府,大阪市中央区,南船場３丁目６－２４－４Ｆ,,27,128,5420081,,,,,,,2022-01-25,1,,,,,バウンステクノロジー,0
156,1120001243386,新規,0,2022-01-25,2022-01-25,株式会社ＢＡＺ,,株式会社,大阪府,大阪市北区,大淀中２丁目８番６新梅田セントラルヒルズ９０３,,27,127,5310076,,,,,,,2022-01-25,1,,,,,バズ,0
157,1120001243403,新規,0,2022-01-25,2022-01-25,株式会社ＦＥＬＩＸＸ　ＧＲＯＵＰ,,株式会社,大阪府,大阪市西成区,天下茶屋２丁目１４番１３号,,27,122,5570014,,,,,,,2022-01-25,1,,,,,フリックスグループ,0
162,1120101064996,新規,0,2022-01-25,2022-01-25,ルックワークス株式会社,,株式会社,大阪府,松原市,河合１丁目７－１,,27,217,5800022,,,,,,,2022-01-25,1,,,,,ルックワークス,0
168,1122001035508,新規,0,2022-01-25,2022-01-25,おさむ工務店株式会社,,株式会社,大阪府,八尾市,福万寺町南２丁目４３番９８,,27,212,5810843,,,,,,,2022-01-25,1,,,,,オサムコウムテン,0
175,1130003007714,新規,0,2022-01-25,2022-01-25,合同会社Ｂｉｚあしたば,,合同会社,京都府,京都市山科区,日ノ岡堤谷町７５番地１８,,26,110,6078494,,,,,,,2022-01-25,1,,,,,ビズアシタバ,0
186,1140001124667,新規,0,2022-01-25,2022-01-25,株式会社池田総合設備,,株式会社,兵庫県,神戸市垂水区,名谷町４９７番地の５,,28,108,6550852,,,,,,,2022-01-25,1,,,,,イケダソウゴウセツビ,0
187,1140001124675,新規,0,2022-01-25,2022-01-25,株式会社ｔｏ－ｓｏｌｕｔｉｏｎｓ,,株式会社,兵庫県,神戸市中央区,元町通５丁目２－３甲南サンシティー５１１号室,,28,110,6500022,,,,,,,2022-01-25,1,,,,,ティーオーソリューションズ,0
188,1140001124683,新規,0,2022-01-25,2022-01-25,株式会社リンクス,,株式会社,兵庫県,尼崎市,戸ノ内町３丁目６－３６ＡＺＴＯ戸ノ内町Ｅ棟２号,,28,202,6610961,,,,,,,2022-01-25,1,,,,,リンクス,0
189,1140001124691,新規,0,2022-01-25,2022-01-25,株式会社Ｓｏｌ,,株式会社,兵庫県,姫路市,西中島１２－４ロワイヤル花の北７０５,,28,201,6700805,,,,,,,2022-01-25,1,,,,,ソル,0
196,1160003002480,新規,0,2022-01-25,2022-01-25,ＬＩＦＥ　ＳＭＩＬＥ　ＣＯＭＰＡＮＹ合同会社,,合同会社,滋賀県,高島市,安曇川町中央４丁目７番地１８,,25,212,5201216,,,,,,,2022-01-25,1,,,,,,0
197,1160005011034,新規,0,2022-01-25,2022-01-25,社会福祉法人道,,その他の設立登記法人,滋賀県,彦根市,高宮町９０７番地１,,25,202,5220201,,,,,,,2022-01-25,1,,,,,ミチ,0
202,1180001149685,新規,0,2022-01-25,2022-01-25,株式会社Ｊ’ｓ,,株式会社,愛知県,名古屋市中区,栄３丁目３１－１８－１０Ｆ－Ｎ,,23,106,4600008,,,,,,,2022-01-25,1,,,,,ジェーズ,0
206,1180301035858,新規,0,2022-01-25,2022-01-25,株式会社Ｍアモール,,株式会社,愛知県,豊橋市,飯村南１丁目４番地の３,,23,201,4400835,,,,,,,2022-01-25,1,,,,,エムアモール,0
252,1240005015324,新規,0,2022-01-25,2022-01-25,一般社団法人ひろしま未来プロジェクト,,その他の設立登記法人,広島県,廿日市市,津田１９９２番地,,34,213,7380222,,,,,,,2022-01-25,1,,,,,ヒロシマミライプロジェクト,0
266,1290001096207,新規,0,2022-01-25,2022-01-25,ＯＬＮＡ　ＳＯＬＵＴＩＯＮ株式会社,,株式会社,福岡県,福岡市東区,香椎浜３丁目２番３－９１９号,,40,131,8130016,,,,,,,2022-01-25,1,,,,,オルナソリューション,0
267,1290001096215,新規,0,2022-01-25,2022-01-25,株式会社Ａｄｖｅｒｓｉｔｙ　Ｑｕｏｔｉｅｎｔ,,株式会社,福岡県,福岡市中央区,舞鶴１丁目９番３号,,40,133,8100073,,,,,,,2022-01-25,1,,,,,アドヴァーシティクオシェント,0
270,1290003012046,新規,0,2022-01-25,2022-01-25,合同会社リンク不動産,,合同会社,福岡県,福岡市博多区,美野島３丁目４番２０号,,40,132,8120017,,,,,,,2022-01-25,1,,,,,リンクフドウサン,0
279,1330001029376,新規,0,2022-01-25,2022-01-25,株式会社緒方工業,,株式会社,熊本県,荒尾市,荒尾２００８番地５,,43,204,8640041,,,,,,,2022-01-25,1,,,,,オガタコウギョウ,0
280,1330001029384,新規,0,2022-01-25,2022-01-25,株式会社ＫＡＮＯＮ,,株式会社,熊本県,熊本市西区,上熊本３丁目２４番３６－１４０６号,,43,103,8600079,,,,,,,2022-01-25,1,,,,,カノン,0
283,1340001024450,新規,0,2022-01-25,2022-01-25,株式会社ラッキービジネス,,株式会社,鹿児島県,奄美市,名瀬長浜町２７番１号,,46,222,8940036,,,,,,,2022-01-25,1,,,,,ラッキービジネス,0
286,1350001017552,新規,0,2022-01-25,2022-01-25,株式会社ＫＯＵＳＵＫＥ,,株式会社,宮崎県,宮崎市,堀川町１９５番地,,45,201,8800873,,,,,,,2022-01-25,1,,,,,コウスケ,0
290,1360001029919,新規,0,2022-01-25,2022-01-25,嵐山観光株式会社,,株式会社,沖縄県,国頭郡今帰仁村,字湧川２２７１番地１６５,,47,306,9050412,,,,,,,2022-01-25,1,,,,,アラシヤマカンコウ,0
291,1360003011759,新規,0,2022-01-25,2022-01-25,ＣＥＳ福島１太陽光発電所合同会社,,合同会社,沖縄県,那覇市,松尾１丁目１０番２４号ホークシティ那覇ビル１階,,47,201,9000014,,,,,,,2022-01-25,1,,,,,シーイーエスフクシマワンタイヨウコウハツデンショ,0
295,1380001032516,新規,0,2022-01-25,2022-01-25,株式会社ＡＣＴ,,株式会社,福島県,郡山市,富久山町福原字町田１１５番地,,07,203,9638061,,,,,,,2022-01-25,1,,,,,アクト,0
299,1420001017719,新規,0,2022-01-25,2022-01-25,株式会社合川農産,,株式会社,青森県,上北郡六戸町,大字折茂字今熊２３２番地５,,02,405,0330072,,,,,,,2022-01-25,1,,,,,アイカワノウサン,0
302,1430001085847,新規,0,2022-01-25,2022-01-25,株式会社ＳＡＴＯ－ＩＮＶＥＳＴＭＥＮＴ,,株式会社,北海道,札幌市東区,北五条東８丁目１番３３号,,01,103,0650005,,,,,,,2022-01-25,1,,,,,サトウインベストメント,0
303,1430001085871,新規,0,2022-01-25,2022-01-25,株式会社ｆｕｃｈｉ,,株式会社,北海道,勇払郡厚真町,京町１番地,,01,581,0591601,,,,,,,2022-01-25,1,,,,,フチ,0
308,1470001018935,新規,0,2022-01-25,2022-01-25,ひらくフーズ株式会社,,株式会社,香川県,坂出市,府中町５３２０番地１,,37,203,7620024,,,,,,,2022-01-25,1,,,,,ヒラクフーズ,0
321,2010001224066,新規,0,2022-01-25,2022-01-25,恵英興業株式会社,,株式会社,東京都,中央区,月島２丁目２０番１０－２０４号,,13,102,1040052,,,,,,,2022-01-25,1,,,,,ケイエイコウギョウ,0
322,2010001224090,新規,0,2022-01-25,2022-01-25,株式会社Ｌｕｍｉｅｒｅ,,株式会社,東京都,中央区,築地４丁目６－３パロス築地５０４,,13,102,1040045,,,,,,,2022-01-25,1,,,,,ルミエール,0
323,2010001224116,新規,0,2022-01-25,2022-01-25,株式会社ｉＫＵＭＡ,,株式会社,東京都,文京区,本駒込５丁目３１番５－１２０２号,,13,105,1130021,,,,,,,2022-01-25,1,,,,,イクマ,0
326,2010003036848,新規,0,2022-01-25,2022-01-25,合同会社ブルーペンシル,,合同会社,東京都,中央区,晴海３丁目１０番１号Ｄａｉｗａ晴海ビル２階,,13,102,1040053,,,,,,,2022-01-25,1,,,,,ブルーペンシル,0
327,2010003036856,新規,0,2022-01-25,2022-01-25,サステナブルローンファンド５号合同会社,,合同会社,東京都,中央区,八丁堀４丁目２番１０号ＡＯＪ税理士法人内,,13,102,1040032,,,,,,,2022-01-25,1,,,,,サステナブルローンファンドゴゴウ,0
328,2010101015043,新規,0,2022-01-25,2022-01-25,株式会社フォーサークルズ,,株式会社,東京都,八王子市,東町１番１０号グランデハイツ八王子８０２,,13,201,1920082,,,,,,,2022-01-25,1,,,,,フォーサークルズ,0
332,2010401165141,新規,0,2022-01-25,2022-01-25,株式会社ＶｉｓｉｏｎＢｒｉｄｇｅ,,株式会社,東京都,港区,元赤坂１丁目７番１８号,,13,103,1070051,,,,,,,2022-01-25,1,,,,,ビジョンブリッジ,0
333,2010405020607,新規,0,2022-01-25,2022-01-25,エムケーツー特定目的会社,,その他の設立登記法人,東京都,港区,虎ノ門３丁目２２番１０－２０１号,,13,103,1050001,,,,,,,2022-01-25,1,,,,,エムケーツー,0
337,2010501048312,新規,0,2022-01-25,2022-01-25,株式会社Ｅｖｅｎｔｅｒ,,株式会社,東京都,台東区,千束２丁目３４番６号宮路ビル２０１,,13,106,1110031,,,,,,,2022-01-25,1,,,,,イベンター,0
345,2010803004038,新規,0,2022-01-25,2022-01-25,合同会社ＥＸ,,合同会社,東京都,大田区,蒲田１丁目２８番１７号１Ｆ,,13,111,1440052,,,,,,,2022-01-25,1,,,,,イーエックス,0
348,2011001145129,新規,0,2022-01-25,2022-01-25,株式会社ＴＯＭＮＯＯＫ,,株式会社,東京都,目黒区,五本木３丁目２８番５号,,13,110,1530053,,,,,,,2022-01-25,1,,,,,トムヌック,0
349,2011001145137,新規,0,2022-01-25,2022-01-25,株式会社マカロンライフ,,株式会社,東京都,目黒区,八雲２丁目２１－７,,13,110,1520023,,,,,,,2022-01-25,1,,,,,マカロンライフ,0
350,2011001145153,新規,0,2022-01-25,2022-01-25,株式会社ヒゴマヨ,,株式会社,東京都,目黒区,大岡山１丁目３４番１－６０１号,,13,110,1520033,,,,,,,2022-01-25,1,,,,,ヒゴマヨ,0
375,2011301027506,新規,0,2022-01-25,2022-01-25,株式会社Ｅｎｃａｎｔａ,,株式会社,東京都,杉並区,成田西３丁目８番１６号,,13,115,1660016,,,,,,,2022-01-25,1,,,,,エンカンタ,0
379,2011401023974,新規,0,2022-01-25,2022-01-25,アジアエネルギー株式会社,,株式会社,東京都,板橋区,大和町１０－６ホーユウコンフォルト板橋本町５０２,,13,119,1730012,,,,,,,2022-01-25,1,,,,,アジアエネルギー,0
381,2011501027693,新規,0,2022-01-25,2022-01-25,株式会社ＴＩＤＯ,,株式会社,東京都,北区,神谷３丁目３５番４号,,13,117,1150043,,,,,,,2022-01-25,1,,,,,,0
385,2011803004928,新規,0,2022-01-25,2022-01-25,ＡＺ－ＷＥ合同会社,,合同会社,東京都,足立区,西新井４丁目２４－１４－１１２,,13,121,1230841,,,,,,,2022-01-25,1,,,,,アズウィー,0
393,2012701016899,新規,0,2022-01-25,2022-01-25,株式会社Ｅｎｊｉｎ　Ｐｌｕｓ,,株式会社,東京都,小平市,学園東町１丁目１７番５号,,13,211,1870043,,,,,,,2022-01-25,1,,,,,エンジンプラス,0
394,2012703002393,新規,0,2022-01-25,2022-01-25,合同会社きいと,,合同会社,東京都,小平市,花小金井７丁目２３番１６－７０５号,,13,211,1870002,,,,,,,2022-01-25,1,,,,,キイト,0
396,2013101008834,新規,0,2022-01-25,2022-01-25,株式会社Ｌｉｆｅ　Ｐｒｏｊｅｃｔ,,株式会社,東京都,福生市,南田園３丁目１３－２７,,13,218,1970004,,,,,,,2022-01-25,1,,,,,ライフプロジェクト,0
400,2013301048589,新規,0,2022-01-25,2022-01-25,株式会社ＧＲＥＡＴ　ＡＲＥＡ,,株式会社,東京都,豊島区,西池袋３丁目３０番１１号,,13,116,1710021,,,,,,,2022-01-25,1,,,,,グレイトエリア,0
401,2013305003301,新規,0,2022-01-25,2022-01-25,一般社団法人いきいきライフ協会池袋,,その他の設立登記法人,東京都,豊島区,東池袋３丁目１５番１４号クレール東池袋６０５,,13,116,1700013,,,,,,,2022-01-25,1,,,,,イキイキライフキョウカイイケブクロ,0
405,2020001144916,新規,0,2022-01-25,2022-01-25,株式会社Ｃ＆Ｔ商会,,株式会社,神奈川県,横浜市泉区,上飯田町３９８９番地１,,14,116,2450018,,,,,,,2022-01-25,1,,,,,シーアンドティーショウカイ,0
406,2020001144924,新規,0,2022-01-25,2022-01-25,Ｊａｋｏ　Ｉｎｔｅｒ株式会社,,株式会社,神奈川県,横浜市西区,久保町５－１５大河内ビル２Ｆ,,14,103,2200061,,,,,,,2022-01-25,1,,,,,ジャコインター,0
407,2020001144940,新規,0,2022-01-25,2022-01-25,ＹＡＭＡＭＥ株式会社,,株式会社,神奈川県,横浜市西区,高島２丁目１１番２号スカイメナー横浜５１９,,14,103,2200011,,,,,,,2022-01-25,1,,,,,ヤマメ,0
409,2020003021188,新規,0,2022-01-25,2022-01-25,合同会社イトネッシュ,,合同会社,神奈川県,横浜市保土ケ谷区,西久保町１６７番地,,14,106,2400022,,,,,,,2022-01-25,1,,,,,イトネッシュ,0
410,2021001075011,新規,0,2022-01-25,2022-01-25,株式会社ルリエアセットマネジメント,,株式会社,神奈川県,厚木市,寿町３丁目１番１号,,14,212,2430003,,,,,,,2022-01-25,1,,,,,ルリエアセットマネジメント,0
411,2021003011328,新規,0,2022-01-25,2022-01-25,合同会社ホームスイート,,合同会社,神奈川県,逗子市,桜山８丁目７－２０,,14,208,2490005,,,,,,,2022-01-25,1,,,,,ホームスイート,0
415,2030001146473,新規,0,2022-01-25,2022-01-25,株式会社ゴザル,,株式会社,埼玉県,行田市,大字真名板１５４７番地２,,11,206,3610013,,,,,,,2022-01-25,1,,,,,ゴザル,0
416,2030001146481,新規,0,2022-01-25,2022-01-25,株式会社Ｒｅｖａｍｐ,,株式会社,埼玉県,三郷市,栄３丁目１７９番地８,,11,237,3410043,,,,,,,2022-01-25,1,,,,,リヴァンプ,0
422,2030003018729,新規,0,2022-01-25,2022-01-25,合同会社ＷＯＯＤ　ＢＯＯＫ,,合同会社,埼玉県,さいたま市見沼区,大字中川２５３番地１,,11,104,3370043,,,,,,,2022-01-25,1,,,,,ウッドブック,0
429,2040003019370,新規,0,2022-01-25,2022-01-25,合同会社ＦＯＣＵＳ,,合同会社,千葉県,千葉市若葉区,野呂町１５８５番地,,12,104,2650053,,,,,,,2022-01-25,1,,,,,フォーカス,0
435,2050001050509,新規,0,2022-01-25,2022-01-25,株式会社ｔｉｋ,,株式会社,茨城県,神栖市,土合南２丁目９番１１号,,08,232,3140345,,,,,,,2022-01-25,1,,,,,ティーアイケー,0
436,2050001050517,新規,0,2022-01-25,2022-01-25,株式会社ＶＡＩ,,株式会社,茨城県,水戸市,泉町２丁目２番３３号水戸泉町ビル７階,,08,201,3100026,,,,,,,2022-01-25,1,,,,,ベイ,0
449,2110005016755,新規,0,2022-01-25,2022-01-25,カドル協同組合,,その他の設立登記法人,新潟県,新潟市西蒲区,松野尾３８２９番地１,,15,108,9530015,,,,,,,2022-01-25,1,,,,,カドル,0
461,2120001243352,新規,0,2022-01-25,2022-01-25,株式会社Ｈ＆Ｙ,,株式会社,大阪府,大阪市生野区,巽北２丁目１７番１７号,00125510,27,116,5440004,,,,,,,2022-01-25,1,,,,,エイチアンドワイ,0
462,2120001243360,新規,0,2022-01-25,2022-01-25,株式会社ＭＡＲＥ,,株式会社,大阪府,大阪市北区,曾根崎２丁目３番５号,,27,127,5300057,,,,,,,2022-01-25,1,,,,,メア,0
463,2120001243393,新規,0,2022-01-25,2022-01-25,株式会社ＳＩＮＫＯＵ,,株式会社,大阪府,大阪市平野区,加美北３丁目１１番３号,,27,126,5470001,,,,,,,2022-01-25,1,,,,,シンコウ,0
464,2120001243410,新規,0,2022-01-25,2022-01-25,株式会社Ｃｏｌｏｒｉｓ,,株式会社,大阪府,大阪市西区,北堀江３丁目１０番１７－４１０号,,27,106,5500014,,,,,,,2022-01-25,1,,,,,クロリ,0
465,2120001243419,新規,0,2022-01-25,2022-01-25,Ｔ．Ｃ．Ｈ．株式会社,,株式会社,大阪府,大阪市浪速区,元町２丁目３番１４－７０９号,,27,111,5560016,,,,,,,2022-01-25,1,,,,,ティーシーエイチ,0
472,2120003020997,新規,0,2022-01-25,2022-01-25,ＴＰＤ合同会社,,合同会社,大阪府,大阪市浪速区,大国１丁目９番１３号１Ｆ,,27,111,5560014,,,,,,,2022-01-25,1,,,,,ティーピーディー,0
476,2120005022736,新規,0,2022-01-25,2022-01-25,医療法人史愛会,,その他の設立登記法人,大阪府,大阪市北区,芝田２丁目８番３３号芝田ビル３Ｆ,,27,127,5300012,,,,,,,2022-01-25,1,,,,,シアイカイ,0
480,2120101064995,新規,0,2022-01-25,2022-01-25,株式会社アイテック,,株式会社,大阪府,堺市堺区,三国ヶ丘御幸通１番地１,,27,141,5900028,,,,,,,2022-01-25,1,,,,,アイテック,0
484,2120901045501,新規,0,2022-01-25,2022-01-25,ＮＴＫ株式会社,,株式会社,大阪府,高槻市,本町１１番７号,,27,207,5690074,,,,,,,2022-01-25,1,,,,,エヌティケイ,0
486,2122001035531,新規,0,2022-01-25,2022-01-25,株式会社ティクスｄｅｓｉｇｎ,,株式会社,大阪府,大東市,新田本町１５番２９号,,27,218,5740055,,,,,,,2022-01-25,1,,,,,ティクスデザイン,0
488,2130003007713,新規,0,2022-01-25,2022-01-25,ワンリーガルヨシダ合同会社,,合同会社,京都府,京都市左京区,吉田二本松町８番地エルフィール１０２,,26,103,6068316,,,,,,,2022-01-25,1,,,,,ワンリーガルヨシダ,0
489,2130003007721,新規,0,2022-01-25,2022-01-25,合同会社天国,,合同会社,京都府,京都市伏見区,桃山町和泉２番地３９,,26,109,6128015,,,,,,,2022-01-25,1,,,,,テンゴク,0
495,2140001124658,新規,0,2022-01-25,2022-01-25,ネクストワーク株式会社,,株式会社,兵庫県,神戸市中央区,浪花町５６起業プラザひょうご内,,28,110,6500035,,,,,,,2022-01-25,1,,,,,ネクストワーク,0
496,2140001124666,新規,0,2022-01-25,2022-01-25,株式会社アペックス,,株式会社,兵庫県,南あわじ市,湊５３６番地２,,28,224,6560332,,,,,,,2022-01-25,1,,,,,アペックス,0
497,2140001124682,新規,0,2022-01-25,2022-01-25,株式会社西盛,,株式会社,兵庫県,神戸市垂水区,神陵台５丁目２２番８号,,28,108,6550041,,,,,,,2022-01-25,1,,,,,ニシモリ,0
528,2230001019205,新規,0,2022-01-25,2022-01-25,株式会社加藤瓦,,株式会社,富山県,砺波市,本町１３番２７号アラックスビル砺波１０９号,,16,208,9391368,,,,,,,2022-01-25,1,,,,,カトウカワラ,0
573,2260003003781,新規,0,2022-01-25,2022-01-25,合同会社カラーズ,,合同会社,岡山県,赤磐市,桜が丘東１丁目１番地４６３,,33,213,7090721,,,,,,,2022-01-25,1,,,,,カラーズ,0
581,2290001096189,新規,0,2022-01-25,2022-01-25,株式会社ユイエン,,株式会社,福岡県,大牟田市,有明町１丁目４番地２,,40,202,8360842,,,,,,,2022-01-25,1,,,,,ユイエン,0
582,2290001096206,新規,0,2022-01-25,2022-01-25,株式会社駘蕩,,株式会社,福岡県,福岡市中央区,那の川２丁目７番２１－３０５号,,40,133,8100015,,,,,,,2022-01-25,1,,,,,タイトウ,0
589,2310001017687,新規,0,2022-01-25,2022-01-25,株式会社Ｎ－Ｂａｓｅ,,株式会社,長崎県,長崎市,中小島２丁目９番２－１１０２号,,42,201,8500836,,,,,,,2022-01-25,1,,,,,エヌベース,0
593,2330001029375,新規,0,2022-01-25,2022-01-25,株式会社ハッピースマイル,,株式会社,熊本県,人吉市,中青井町３０９番地５,,43,203,8680008,,,,,,,2022-01-25,1,,,,,ハッピースマイル,0
594,2330001029383,新規,0,2022-01-25,2022-01-25,株式会社ＴＨＲＥＥ,,株式会社,熊本県,熊本市南区,富合町古閑９５０番地,,43,104,8614157,,,,,,,2022-01-25,1,,,,,スリー,0
598,2350001017551,新規,0,2022-01-25,2022-01-25,株式会社ａｔｔｏｎｔｔｏｎ,,株式会社,宮崎県,宮崎市,高岡町下倉永２４５番地１,,45,201,8802212,,,,,,,2022-01-25,1,,,,,アットントン,0
599,2360003011758,新規,0,2022-01-25,2022-01-25,ＣＥＳ福島２太陽光発電所合同会社,,合同会社,沖縄県,那覇市,松尾１丁目１０番２４号ホークシティ那覇ビル１階,,47,201,9000014,,,,,,,2022-01-25,1,,,,,シーイーエスフクシマツータイヨウコウハツデンショ,0
605,2380001032515,新規,0,2022-01-25,2022-01-25,株式会社Ｏ－Ｐｒｏ,,株式会社,福島県,郡山市,舞木町字正神平１５６番地,,07,203,9630661,,,,,,,2022-01-25,1,,,,,オープロ,0
612,2420001017718,新規,0,2022-01-25,2022-01-25,株式会社七丸農産,,株式会社,青森県,上北郡おいらせ町,向山４丁目３番地５７８,,02,412,0392151,,,,,,,2022-01-25,1,,,,,ナナマルノウサン,0
613,2420003002437,新規,0,2022-01-25,2022-01-25,合同会社ＦＵＬＦＩＬＬ,,合同会社,青森県,弘前市,大字田町４丁目７番地１３メゾンしのざき八幡町２０２号,,02,202,0368054,,,,,,,2022-01-25,1,,,,,フルフィル,0
619,2430001085862,新規,0,2022-01-25,2022-01-25,株式会社ＳＯＬＥ,,株式会社,北海道,苫小牧市,拓勇西町８丁目２番４７号,,01,213,0591302,,,,,,,2022-01-25,1,,,,,ソーレ,0
623,2450001013598,新規,0,2022-01-25,2022-01-25,株式会社ＭＩＲＡＩＮＯＴＥ,,株式会社,北海道,旭川市,豊岡四条６丁目１１－１３ＥｔｅｒｆｏｒｔＩＩ１０１,00125517,01,204,0788234,,,,,,,2022-01-25,1,,,,,ミライノート,0
628,2500001023963,新規,0,2022-01-25,2022-01-25,株式会社エコカンパニー,,株式会社,愛媛県,伊予市,宮下１２７９番地１,,38,210,7993102,,,,,,,2022-01-25,1,,,,,エコカンパニー,0
642,3010001223769,新規,0,2022-01-25,2022-01-25,ＤＩＡ　ＰＡＲＫ　ＰＲＥＭＩＥＲ株式会社,,株式会社,東京都,中央区,日本橋蛎殻町２丁目１１番２号オートエックス工藤ビル,,13,102,1030014,,,,,,,2022-01-25,1,,,,,ダイアパークプレミア,0
643,3010001224081,新規,0,2022-01-25,2022-01-25,株式会社Ｇｌｏｂａｌ　Ｉｎｆｌｕｅｎｃｅｒｓ,,株式会社,東京都,中央区,銀座７丁目１３番６号サガミビル２階,,13,102,1040061,,,,,,,2022-01-25,1,,,,,グローバルインフルエンサーズ,0
646,3010003036830,新規,0,2022-01-25,2022-01-25,ミヤビ・シップ・ホールディング合同会社,,合同会社,東京都,中央区,京橋２丁目２番１号,,13,102,1040031,,,,,,,2022-01-25,1,,,,,ミヤビシップホールディング,0
647,3010003036839,新規,0,2022-01-25,2022-01-25,白狼アセットマネジメント合同会社,,合同会社,東京都,中央区,日本橋小網町８番２号,,13,102,1030016,,,,,,,2022-01-25,1,,,,,ハクロウアセットマネジメント,0
649,3010101015042,新規,0,2022-01-25,2022-01-25,株式会社ＢＲＡＶＥ,,株式会社,東京都,八王子市,北野町５６５番地１５野中ビル３Ｆ,,13,201,1920906,,,,,,,2022-01-25,1,,,,,ブレイブ,0
659,3010401165157,新規,0,2022-01-25,2022-01-25,株式会社ＭＩＮＧＯ,,株式会社,東京都,港区,南青山２丁目２番１５号,,13,103,1070062,,,,,,,2022-01-25,1,,,,,ミンゴ,0
660,3010401165165,新規,0,2022-01-25,2022-01-25,株式会社ダイサンエネルギー１４,,株式会社,東京都,港区,浜松町１丁目２番１２号,,13,103,1050013,,,,,,,2022-01-25,1,,,,,ダイサンエネルギーフォーテーン,0
663,3010405020606,新規,0,2022-01-25,2022-01-25,エムケーワン特定目的会社,,その他の設立登記法人,東京都,港区,虎ノ門３丁目２２番１０－２０１号,,13,103,1050001,,,,,,,2022-01-25,1,,,,,エムケーワン,0
665,3010501048360,新規,0,2022-01-25,2022-01-25,金原株式会社,,株式会社,東京都,台東区,蔵前３丁目２１番１号カーサ蔵前２０３号室,,13,106,1110051,,,,,,,2022-01-25,1,,,,,キンゲン,0
666,3010503006481,新規,0,2022-01-25,2022-01-25,合同会社ＧＩＮＺＯ,,合同会社,東京都,台東区,鳥越２丁目１２番１３－２０２号グランシティ鳥越,,13,106,1110054,,,,,,,2022-01-25,1,,,,,ギンゾー,0
675,3010901050222,新規,0,2022-01-25,2022-01-25,株式会社小林ホールディングス,,株式会社,東京都,世田谷区,代沢４丁目３２番８号,,13,112,1550032,,,,,,,2022-01-25,1,,,,,コバヤシホールディングス,0
679,3011001145144,新規,0,2022-01-25,2022-01-25,ＲＡＩＫＩＲＩ株式会社,,株式会社,東京都,渋谷区,代々木５丁目８番６－２０６号,,13,113,1510053,,,,,,,2022-01-25,1,,,,,ライキリ,0
680,3011003013984,新規,0,2022-01-25,2022-01-25,ｘＤｒｉｖｅ合同会社,,合同会社,東京都,目黒区,中目黒３丁目６番２号中目黒Ｆ・Ｓビル５階,,13,110,1530061,,,,,,,2022-01-25,1,,,,,クロスドライブ,0
695,3011101097616,新規,0,2022-01-25,2022-01-25,株式会社柳志,,株式会社,東京都,新宿区,歌舞伎町２丁目４２－１６第二大滝ビル３階,,13,104,1600021,,,,,,,2022-01-25,1,,,,,ユウジ,0
705,3011401023973,新規,0,2022-01-25,2022-01-25,株式会社ｉ・ＢＯＸ,,株式会社,東京都,板橋区,成増１丁目６番２２号,,13,119,1750094,,,,,,,2022-01-25,1,,,,,アイボックス,0
712,3011701025001,新規,0,2022-01-25,2022-01-25,株式会社ケイリード,,株式会社,東京都,江戸川区,西一之江４丁目９番３３号－１Ｆ,,13,123,1320023,,,,,,,2022-01-25,1,,,,,ケイリード,0
714,3011803004935,新規,0,2022-01-25,2022-01-25,日本モノシス合同会社,,合同会社,東京都,足立区,柳原２丁目５３番３号,,13,121,1200022,,,,,,,2022-01-25,1,,,,,ニホンモノシス,0
718,3012401038788,新規,0,2022-01-25,2022-01-25,株式会社Ｎｅｘｔ　Ｏｎｅ,,株式会社,東京都,調布市,調布ケ丘４丁目２１番地５,,13,208,1820021,,,,,,,2022-01-25,1,,,,,ネクストワン,0
724,3013301048588,新規,0,2022-01-25,2022-01-25,株式会社ＫＩ　ｆｏｏｄ　ｓｅｒｖｉｃｅ,,株式会社,東京都,豊島区,要町１丁目５－７ロイヤルコートタカギ１０１,,13,116,1710043,,,,,,,2022-01-25,1,,,,,ケイアイフードサービス,0
725,3013303006008,新規,0,2022-01-25,2022-01-25,スタディギルド合同会社,,合同会社,東京都,豊島区,南池袋１丁目１６－２０ぬかりやビルディング６階,,13,116,1710022,,,,,,,2022-01-25,1,,,,,スタディギルド,0
730,3020001144881,新規,0,2022-01-25,2022-01-25,ＲＣホールディングス株式会社,,株式会社,神奈川県,川崎市川崎区,桜本２丁目４４番１号,,14,131,2100833,,,,,,,2022-01-25,1,,,,,アールシーホールディングス,0
731,3020001144898,新規,0,2022-01-25,2022-01-25,サムライカーボンズ株式会社,,株式会社,神奈川県,横浜市港北区,新横浜２丁目１７番地２フォンターナビル７Ｆ,,14,109,2220033,,,,,,,2022-01-25,1,,,,,サムライカーボンズ,0
732,3020001144915,新規,0,2022-01-25,2022-01-25,株式会社Ｂｅａｒｚｌｅ,,株式会社,神奈川県,横浜市中区,蓬莱町２丁目４－１関内トーセイビルＩＩＩ２Ｆ,00125505,14,104,2310048,,,,,,,2022-01-25,1,,,,,ベアズル,0
733,3020001144923,新規,0,2022-01-25,2022-01-25,株式会社ＴＡＹ,,株式会社,神奈川県,横浜市泉区,白百合３丁目６番１３号,,14,116,2450005,,,,,,,2022-01-25,1,,,,,ティーエーワイ,0
734,3020001144964,新規,0,2022-01-25,2022-01-25,株式会社プレサポ,,株式会社,神奈川県,横浜市中区,千歳町１番地２ＴＨビル８１４号室,,14,104,2310035,,,,,,,2022-01-25,1,,,,,プレサポ,0
735,3020003021187,新規,0,2022-01-25,2022-01-25,グローリーコンサルティング合同会社,,合同会社,神奈川県,横浜市港北区,日吉本町２丁目４８番１－１号,,14,109,2230062,,,,,,,2022-01-25,1,,,,,グローリーコンサルティング,0
736,3020003021195,新規,0,2022-01-25,2022-01-25,合同会社元町ビーナイス,,合同会社,神奈川県,横浜市中区,元町４丁目１６８ＢＩＺｃｏｍｆｏｒｔ元町ビルＢ１Ｆ－６４,,14,104,2310861,,,,,,,2022-01-25,1,,,,,モトマチビーナイス,0
737,3021003011327,新規,0,2022-01-25,2022-01-25,合同会社ｄｉｓｔａｎｔ　Ｈａｌｌ,,合同会社,神奈川県,相模原市南区,大野台２丁目２５－１９プチメゾン１０２,,14,153,2520331,,,,,,,2022-01-25,1,,,,,ディスタントホール,0
738,3021005012430,新規,0,2022-01-25,2022-01-25,司法書士法人こゆるぎ法務事務所,,その他の設立登記法人,神奈川県,小田原市,栄町１丁目１７番３２号,,14,206,2500011,,,,,,,2022-01-25,1,,,,,,0
742,3030001146497,新規,0,2022-01-25,2022-01-25,株式会社アブステック,,株式会社,埼玉県,春日部市,粕壁東４丁目１８番３－６号,,11,214,3440062,,,,,,,2022-01-25,1,,,,,アブステック,0
755,3040001121846,新規,0,2022-01-25,2022-01-25,株式会社ベストインパクト,,株式会社,千葉県,市川市,曽谷８丁目２１番１２号,,12,203,2720832,,,,,,,2022-01-25,1,,,,,ベストインパクト,0
762,3050001050516,新規,0,2022-01-25,2022-01-25,株式会社宮井ホールディングス,,株式会社,茨城県,水戸市,南町１丁目３番３６号志村ビル３Ｆ,,08,201,3100021,,,,,,,2022-01-25,1,,,,,ミヤイホールディングス,0
763,3050005012999,新規,0,2022-01-25,2022-01-25,特定非営利活動法人ポケット,,その他の設立登記法人,茨城県,筑西市,向上野１５６３番地,,08,227,3004522,,,,,,,2022-01-25,1,,,,,ポケット,0
778,3080401025585,新規,0,2022-01-25,2022-01-25,株式会社スミヨシ,,株式会社,静岡県,浜松市西区,桜台６丁目１２番５号,,22,133,4311104,,,,,,,2022-01-25,1,,,,,スミヨシ,0
779,3090001017379,新規,0,2022-01-25,2022-01-25,株式会社ボルネオ,,株式会社,山梨県,富士吉田市,下吉田２丁目２３番５８号,,19,202,4030004,,,,,,,2022-01-25,1,,,,,ボルネオ,0
791,3120001243376,新規,0,2022-01-25,2022-01-25,株式会社中之島コーポレーション,,株式会社,大阪府,大阪市北区,中之島４丁目５番５号マーキス梅田,,27,127,5300005,,,,,,,2022-01-25,1,,,,,ナカノシマコーポレーション,0
792,3120001243392,新規,0,2022-01-25,2022-01-25,株式会社ダイゴー,,株式会社,大阪府,大阪市東淀川区,上新庄２丁目１４番１７号,,27,114,5330006,,,,,,,2022-01-25,1,,,,,ダイゴー,0
797,3120003021004,新規,0,2022-01-25,2022-01-25,合同会社ＤＵＬＩ　ＭＡＲＴ,,合同会社,大阪府,大阪市阿倍野区,王子町１丁目１番２５号,,27,119,5450023,,,,,,,2022-01-25,1,,,,,ズリマット,0
800,3120101064994,新規,0,2022-01-25,2022-01-25,株式会社はぁとふる,,株式会社,大阪府,羽曳野市,向野３丁目９６番地の７,,27,222,5830883,,,,,,,2022-01-25,1,,,,,ハァトフル,0
802,3120901045500,新規,0,2022-01-25,2022-01-25,株式会社春光会,,株式会社,大阪府,豊中市,島江町２丁目１０－２０,,27,203,5610826,,,,,,,2022-01-25,1,,,,,シュンコウカイ,0
810,3130003007712,新規,0,2022-01-25,2022-01-25,合同会社ＢＣＭ,,合同会社,京都府,京都市南区,唐橋琵琶町１８番地１－７０７号,,26,107,6018457,,,,,,,2022-01-25,1,,,,,ビーシーエム,0
816,3140001124673,新規,0,2022-01-25,2022-01-25,株式会社Ｙｅｌｌ　ｔｒｅｅ,,株式会社,兵庫県,芦屋市,楠町３－１１（株）Ｔａｋｅ　ｙｏｕｒ　ｍａｒｋｓ内,,28,206,6590015,,,,,,,2022-01-25,1,,,,,エールツリー,0
824,3180001149700,新規,0,2022-01-25,2022-01-25,株式会社Ｙホールディングス,,株式会社,愛知県,名古屋市中区,松原３丁目１３番４１号,,23,106,4600017,,,,,,,2022-01-25,1,,,,,ワイホールディングス,0
825,3180001149717,新規,0,2022-01-25,2022-01-25,株式会社エリプス,,株式会社,愛知県,名古屋市天白区,焼山１丁目１０１番地東山イーストＢ棟１４０６号,,23,116,4680002,,,,,,,2022-01-25,1,,,,,エリプス,0
834,3190001029059,新規,0,2022-01-25,2022-01-25,ＤＵＣ　ＡＮＨ株式会社,,株式会社,三重県,伊賀市,木興町２１７２番地１０,,24,216,5180845,,,,,,,2022-01-25,1,,,,,ドックアン,0
841,3200001039675,新規,0,2022-01-25,2022-01-25,株式会社伸建,,株式会社,岐阜県,美濃加茂市,山之上町３１番地１,,21,211,5050003,,,,,,,2022-01-25,1,,,,,シンケン,0
856,3240001059232,新規,0,2022-01-25,2022-01-25,株式会社ＨＧＣホールディングス,,株式会社,広島県,三原市,新倉２丁目１２番１号,,34,204,7230134,,,,,,,2022-01-25,1,,,,,エイチジーシーホールディングス,0
857,3240001059240,新規,0,2022-01-25,2022-01-25,Ａｐｌｕｓマネジメント株式会社,,株式会社,広島県,広島市西区,小河内町２丁目７番７号,,34,104,7330025,,,,,,,2022-01-25,1,,,,,アプラスマネジメント,0
894,3290001096056,新規,0,2022-01-25,2022-01-25,株式会社１１ｅｌｖａ,,株式会社,福岡県,福岡市南区,寺塚１丁目２６番１０号第一南部ビル５０３号,,40,134,8150074,,,,,,,2022-01-25,1,,,,,エルバ,0
895,3290001096188,新規,0,2022-01-25,2022-01-25,株式会社ＭｏｒｇｅｎＯｆｆｉｃｅ,,株式会社,福岡県,福岡市早良区,百道浜３丁目９番３３－１９０３号グランドメゾン百道浜オーシャン＆フォレスト,,40,137,8140001,,,,,,,2022-01-25,1,,,,,モルゲンオフィス,0
896,3290001096196,新規,0,2022-01-25,2022-01-25,日隆工業株式会社,,株式会社,福岡県,八女市,宮野４４９番地１,,40,210,8340032,,,,,,,2022-01-25,1,,,,,ヒダカコウギョウ,0
897,3290001096213,新規,0,2022-01-25,2022-01-25,株式会社タカノグラフィス,,株式会社,福岡県,福岡市南区,市崎２丁目１５番２６号,,40,134,8150084,,,,,,,2022-01-25,1,,,,,タカノグラフィス,0
902,3290801028200,新規,0,2022-01-25,2022-01-25,鎚明工産株式会社,,株式会社,福岡県,遠賀郡芦屋町,大字山鹿１２３８番地６５,,40,381,8070141,,,,,,,2022-01-25,1,,,,,タイミョウコウサン,0
903,3290805009502,新規,0,2022-01-25,2022-01-25,医療法人誠献会,,その他の設立登記法人,福岡県,北九州市八幡西区,本城東１丁目１４番１号,,40,109,8070815,,,,,,,2022-01-25,1,,,,,セイケンカイ,0
911,3330001029382,新規,0,2022-01-25,2022-01-25,株式会社ブルックライン,,株式会社,熊本県,熊本市南区,江越２丁目９番１５号,,43,104,8600834,,,,,,,2022-01-25,1,,,,,ブルックライン,0
913,3330003009218,新規,0,2022-01-25,2022-01-25,ＧｏＯｏＤｓ合同会社,,合同会社,熊本県,熊本市東区,若葉４丁目１８－１,,43,102,8612103,,,,,,,2022-01-25,1,,,,,ゴーディス,0
919,3360003011757,新規,0,2022-01-25,2022-01-25,ＣＥＳ岩手２太陽光発電所合同会社,,合同会社,沖縄県,那覇市,松尾１丁目１０番２４号ホークシティ那覇ビル１階,,47,201,9000014,,,,,,,2022-01-25,1,,,,,シーイーエスイワテツータイヨウコウハツデンショ,0
926,3400001015755,新規,0,2022-01-25,2022-01-25,株式会社タックハウス,,株式会社,岩手県,岩手郡岩手町,大字沼宮内第９地割１０５番地２,,03,303,0284301,,,,,,,2022-01-25,1,,,,,タックハウス,0
931,3430001085861,新規,0,2022-01-25,2022-01-25,株式会社アグリサービスたきかわ,,株式会社,北海道,滝川市,江部乙町西１２丁目１番５２号,,01,225,0790462,,,,,,,2022-01-25,1,,,,,アグリサービスタキカワ,0
932,3430003013564,新規,0,2022-01-25,2022-01-25,合同会社鷹乃団,,合同会社,北海道,北広島市,大曲南ヶ丘２丁目１－６大曲ビルＡ２Ｆ,,01,234,0611275,,,,,,,2022-01-25,1,,,,,タカノダン,0
933,3430005014346,新規,0,2022-01-25,2022-01-25,特定非営利活動法人ヒューマンネットＴＡＯ,,その他の設立登記法人,北海道,札幌市手稲区,稲穂五条７丁目７番３号,,01,109,0060035,,,,,,,2022-01-25,1,,,,,ヒューマンネットタオ,0
935,3470003002118,新規,0,2022-01-25,2022-01-25,合同会社ミルキーウェイ,,合同会社,香川県,高松市,木太町３４２０番地１メゾンドール２０１,,37,201,7600080,,,,,,,2022-01-25,1,,,,,,0
947,4010003036838,新規,0,2022-01-25,2022-01-25,クオス合同会社,,合同会社,東京都,中央区,築地３丁目３番１０号,,13,102,1040045,,,,,,,2022-01-25,1,,,,,クオス,0
948,4010003036846,新規,0,2022-01-25,2022-01-25,市谷砂土原町１丁目プロジェクト合同会社,,合同会社,東京都,千代田区,丸の内２丁目３番２号,,13,101,1000005,,,,,,,2022-01-25,1,,,,,イチガヤサドハラチョウイッチョウメプロジェクト,0
952,4010403026950,新規,0,2022-01-25,2022-01-25,合同会社タカヤマ,,合同会社,東京都,港区,麻布十番２丁目１０番１号,,13,103,1060045,,,,,,,2022-01-25,1,,,,,タカヤマ,0
961,4010701042113,新規,0,2022-01-25,2022-01-25,豊ハウジング株式会社,,株式会社,東京都,品川区,八潮５丁目１２番６９－０１１２号,,13,109,1400003,,,,,,,2022-01-25,1,,,,,ユタカハウジング,0
964,4010803004036,新規,0,2022-01-25,2022-01-25,合同会社雪谷堂,,合同会社,東京都,大田区,東雪谷５丁目２２番８号,,13,111,1450065,,,,,,,2022-01-25,1,,,,,ユキガヤドウ,0
969,4011001145036,新規,0,2022-01-25,2022-01-25,株式会社ＯＨＴＡＮＩ,,株式会社,東京都,渋谷区,神宮前３丁目５番１９号,,13,113,1500001,,,,,,,2022-01-25,1,,,,,オータニ,0
970,4011001145052,新規,0,2022-01-25,2022-01-25,株式会社Ｆｏｏｄ　Ｓｅｎｓｅ,,株式会社,東京都,渋谷区,広尾５丁目１－４０プラスリノ広尾２階,,13,113,1500012,,,,,,,2022-01-25,1,,,,,フードセンス,0
971,4011001145069,新規,0,2022-01-25,2022-01-25,マイスターホールディングス株式会社,,株式会社,東京都,渋谷区,円山町２０番１号新大宗道玄坂上ビル７階７０１号室,,13,113,1500044,,,,,,,2022-01-25,1,,,,,マイスターホールディングス,0
972,4011001145151,新規,0,2022-01-25,2022-01-25,株式会社Ｓｔａｒｗｏｒｋｓ,,株式会社,東京都,渋谷区,渋谷２丁目１９番１５号宮益坂ビルディング６０９,,13,113,1500002,,,,,,,2022-01-25,1,,,,,スターワークス,0
974,4011003014024,新規,0,2022-01-25,2022-01-25,合同会社ＴＭＡ,,合同会社,東京都,目黒区,緑が丘２丁目８番６号,,13,110,1520034,,,,,,,2022-01-25,1,,,,,ティーエムエー,0
990,4011101097607,新規,0,2022-01-25,2022-01-25,株式会社エンカウンター,,株式会社,東京都,新宿区,西新宿６丁目１７番７号エクセル７ビル２０１号室,,13,104,1600023,,,,,,,2022-01-25,1,,,,,エンカウンター,0
997,4011201023553,新規,0,2022-01-25,2022-01-25,Ｋｊ‐ｓｔｙｌｅ株式会社,,株式会社,東京都,中野区,若宮３丁目１４－１２,,13,114,1650033,,,,,,,2022-01-25,1,,,,,ケイジェイスタイル,0
1011,4011503005051,新規,0,2022-01-25,2022-01-25,合同会社ＩＮハウス,,合同会社,東京都,北区,西が丘１丁目３８番１０号,,13,117,1150056,,,,,,,2022-01-25,1,,,,,アイエヌハウス,0
1012,4011603003509,新規,0,2022-01-25,2022-01-25,成竹合同会社,,合同会社,東京都,練馬区,豊玉北６丁目１４－１川上ハイツ３０１,,13,120,1760012,,,,,,,2022-01-25,1,,,,,セイチク,0
1014,4011701025000,新規,0,2022-01-25,2022-01-25,株式会社アリルビット,,株式会社,東京都,江戸川区,松島３丁目２９番３－５０７号,,13,123,1320031,,,,,,,2022-01-25,1,,,,,アリルビット,0
1015,4011703003053,新規,0,2022-01-25,2022-01-25,合同会社シナジー,,合同会社,東京都,江戸川区,西葛西２丁目１番１４号,,13,123,1340088,,,,,,,2022-01-25,1,,,,,シナジー,0
1016,4011801040246,新規,0,2022-01-25,2022-01-25,株式会社ワケル,,株式会社,東京都,葛飾区,白鳥４丁目６番１－２２７号白鳥スカイマンション,,13,122,1250063,,,,,,,2022-01-25,1,,,,,ワケル,0
1020,4012401038787,新規,0,2022-01-25,2022-01-25,株式会社よせてはかえす,,株式会社,東京都,武蔵野市,吉祥寺南町３丁目２７番２２号,,13,203,1800003,,,,,,,2022-01-25,1,,,,,ヨセテハカエス,0
1032,4013303006007,新規,0,2022-01-25,2022-01-25,ＹＵＨＡ合同会社,,合同会社,東京都,豊島区,高田２丁目９－４,,13,116,1710033,,,,,,,2022-01-25,1,,,,,ユハ,0
1041,4020001144889,新規,0,2022-01-25,2022-01-25,株式会社Ｓｅｒｅｎｄｉｐｐｅｒｓ,,株式会社,神奈川県,横浜市神奈川区,六角橋６丁目２９－２９－３０１,,14,102,2210802,,,,,,,2022-01-25,1,,,,,セレンディッパーズ,0
1042,4020001144914,新規,0,2022-01-25,2022-01-25,伴野アセットマネジメント株式会社,,株式会社,神奈川県,横浜市港北区,篠原西町１４番２－１号,,14,109,2220025,,,,,,,2022-01-25,1,,,,,トモノアセットマネジメント,0
1043,4020001144922,新規,0,2022-01-25,2022-01-25,株式会社ＭＢＡ,,株式会社,神奈川県,横浜市保土ケ谷区,上菅田町９５４番地１１,,14,106,2400051,,,,,,,2022-01-25,1,,,,,エムビーエー,0
1044,4020001144939,新規,0,2022-01-25,2022-01-25,潮田鉄建株式会社,,株式会社,神奈川県,横浜市鶴見区,潮田町４丁目１４９番地１０,,14,101,2300041,,,,,,,2022-01-25,1,,,,,ウシオダテッケン,0
1045,4020001144947,新規,0,2022-01-25,2022-01-25,株式会社サクラバ,,株式会社,神奈川県,川崎市川崎区,京町３丁目１番２－１０３号,,14,131,2100848,,,,,,,2022-01-25,1,,,,,サクラバ,0
1050,4021001075026,新規,0,2022-01-25,2022-01-25,Ｉｎｄｙ’ｓ－Ｅｘｐｌｏｒｉｎｇ　Ｔｏｋｙｏ株式会社,,株式会社,神奈川県,足柄下郡真鶴町,岩６１２番１,,14,383,2590202,,,,,,,2022-01-25,1,,,,,インディーズエクスプロアリングトウキョウ,0
1060,4030003018719,新規,0,2022-01-25,2022-01-25,合同会社キレイ,,合同会社,埼玉県,坂戸市,南町１８－１中島マンション１０８,,11,239,3500233,,,,,,,2022-01-25,1,,,,,キレイ,0
1061,4030003018727,新規,0,2022-01-25,2022-01-25,永和商事合同会社,,合同会社,埼玉県,三郷市,彦成４丁目１番２,,11,237,3410003,,,,,,,2022-01-25,1,,,,,エイワショウジ,0
1066,4040003019336,新規,0,2022-01-25,2022-01-25,合同会社クラシオエナジー２,,合同会社,千葉県,千葉市中央区,大森町５６番１号,,12,101,2600811,,,,,,,2022-01-25,1,,,,,クラシオエナジーツー,0
1069,4050001050507,新規,0,2022-01-25,2022-01-25,洞峰パークマネジメント株式会社,,株式会社,茨城県,つくば市,東平塚７３０番地,,08,220,3050812,,,,,,,2022-01-25,1,,,,,ドウホウパークマネジメント,0
1070,4050003006317,新規,0,2022-01-25,2022-01-25,ＡＲジャパン合同会社,,合同会社,茨城県,つくば市,作谷３４５２番３１,,08,220,3004204,,,,,,,2022-01-25,1,,,,,エイアールジャパン,0
1071,4050003006325,新規,0,2022-01-25,2022-01-25,Ａ・Ｓ　ＴＲＡＤＩＮＧ合同会社,,合同会社,茨城県,猿島郡境町,２１２１－３ウエスト・フジナミ２０１号,,08,546,3060433,,,,,,,2022-01-25,1,,,,,エーエストレーディング,0
1074,4060001034509,新規,0,2022-01-25,2022-01-25,株式会社ＴＨＲ,,株式会社,栃木県,栃木市,吹上町１７６番地,,09,203,3280125,,,,,,,2022-01-25,1,,,,,ティエイチアール,0
1075,4060001034517,新規,0,2022-01-25,2022-01-25,株式会社Ｉ’ｓＩ,,株式会社,栃木県,宇都宮市,二荒町５－４アルフォンスビル２Ｆ,,09,201,3200804,,,,,,,2022-01-25,1,,,,,アイズアイ,0
1078,4060003003932,新規,0,2022-01-25,2022-01-25,ＭＳ－ＪＡＰＡＮ合同会社,,合同会社,栃木県,宇都宮市,川俣町５７－３８,,09,201,3210977,,,,,,,2022-01-25,1,,,,,エムエスジャパン,0
1086,4080101023062,新規,0,2022-01-25,2022-01-25,株式会社斎膳,,株式会社,静岡県,熱海市,下多賀１４８４番地の５,,22,205,4130102,,,,,,,2022-01-25,1,,,,,サイゼン,0
1089,4090001017378,新規,0,2022-01-25,2022-01-25,株式会社灯台,,株式会社,山梨県,甲府市,宝１丁目２１番１３号２Ｆ,,19,201,4000034,,,,,,,2022-01-25,1,,,,,トウダイ,0
1112,4120001243359,新規,0,2022-01-25,2022-01-25,四天鐘会株式会社,,株式会社,大阪府,大阪市天王寺区,勝山２丁目１８番１５－２０２号,,27,109,5430043,,,,,,,2022-01-25,1,,,,,シテンショウカイ,0
1113,4120001243367,新規,0,2022-01-25,2022-01-25,株式会社ＡｄｖａｎＳｅｎｔｉｎｅｌ,,株式会社,大阪府,大阪市中央区,道修町３丁目１番８号,,27,128,5410045,,,,,,,2022-01-25,1,,,,,アドバンセンチネル,0
1114,4120001243383,新規,0,2022-01-25,2022-01-25,大然株式会社,,株式会社,大阪府,大阪市平野区,加美南５丁目９番１８号,,27,126,5470003,,,,,,,2022-01-25,1,,,,,タイゼン,0
1115,4120001243391,新規,0,2022-01-25,2022-01-25,株式会社ＥＶＥＲＧＯ,,株式会社,大阪府,大阪市中央区,南船場２丁目１０番２１号日宝サンキュービル５階２号室,,27,128,5420081,,,,,,,2022-01-25,1,,,,,エバーゴー,0
1119,4120003021011,新規,0,2022-01-25,2022-01-25,Ｔｈｉｎｋ　Ｃｈｏｉｃｅ合同会社,,合同会社,大阪府,大阪市北区,梅田１丁目１番地３号大阪駅前第３ビル２９階１－１－１号室,,27,127,5300001,,,,,,,2022-01-25,1,,,,,シンクチョイス,0
1120,4120005022734,新規,0,2022-01-25,2022-01-25,医療法人香庸会,,その他の設立登記法人,大阪府,枚方市,香里園町９番２５－２０２号,,27,210,5730086,,,,,,,2022-01-25,1,,,,,コウヨウカイ,0
1121,4120005022742,新規,0,2022-01-25,2022-01-25,医療法人公誠会,,その他の設立登記法人,大阪府,大阪市東淀川区,小松１丁目８番３４号グランドハイツ濱１階,,27,114,5330004,,,,,,,2022-01-25,1,,,,,コウセイカイ,0
1122,4120101065001,新規,0,2022-01-25,2022-01-25,株式会社ＷＩＴ,,株式会社,大阪府,富田林市,南旭ケ丘町７番４号,,27,214,5840007,,,,,,,2022-01-25,1,,,,,ウィット,0
1123,4120103004543,新規,0,2022-01-25,2022-01-25,合同会社トータルバンカー,,合同会社,大阪府,岸和田市,行遇町１番地の２７５,,27,202,5960836,,,,,,,2022-01-25,1,,,,,トータルバンカー,0
1124,4120105009508,新規,0,2022-01-25,2022-01-25,医療法人明智会,,その他の設立登記法人,大阪府,羽曳野市,河原城１９番地の１,,27,222,5830867,,,,,,,2022-01-25,1,,,,,アケチカイ,0
1128,4130001070991,新規,0,2022-01-25,2022-01-25,株式会社Ｈｅｓｔｉａ,,株式会社,京都府,京都市南区,東九条北松ノ木町２８番地１朝日プラザ鴨川ＩＩ－４２０,00125518,26,107,6018022,,,,,,,2022-01-25,1,,,,,ヘスティア,0
1129,4130003007711,新規,0,2022-01-25,2022-01-25,合同会社ウェルビート,,合同会社,京都府,京都市上京区,室町通武者小路下る福長町５３５番地１Ｓａｗａｒａｂｉ御所４Ａ,,26,102,6020907,,,,,,,2022-01-25,1,,,,,ウェルビート,0
1130,4130005016371,新規,0,2022-01-25,2022-01-25,あやべ水源の里地域づくり協同組合,,その他の設立登記法人,京都府,綾部市,睦寄町市場下８番地の２,,26,203,6231131,,,,,,,2022-01-25,1,,,,,アヤベスイゲンノサトチイキヅクリ,0
1141,4140001124656,新規,0,2022-01-25,2022-01-25,株式会社パインホーム,,株式会社,兵庫県,加古川市,平岡町中野８３９番地の３,,28,210,6750113,,,,,,,2022-01-25,1,,,,,パインホーム,0
1142,4140001124664,新規,0,2022-01-25,2022-01-25,株式会社中山建設,,株式会社,兵庫県,尼崎市,瓦宮２丁目３１番５号イーグルハイツＩＩＩ１Ｆ,00125519,28,202,6610971,,,,,,,2022-01-25,1,,,,,ナカヤマケンセツ,0
1143,4140001124672,新規,0,2022-01-25,2022-01-25,株式会社９６４,,株式会社,兵庫県,西宮市,桜谷町４番１－３０６号,,28,204,6620032,,,,,,,2022-01-25,1,,,,,キュウロクヨン,0
1144,4140001124680,新規,0,2022-01-25,2022-01-25,隆達株式会社,,株式会社,兵庫県,加西市,満久町７６番地,,28,220,6752432,,,,,,,2022-01-25,1,,,,,ロンダ,0
1150,4160001023955,新規,0,2022-01-25,2022-01-25,株式会社零プラント,,株式会社,滋賀県,大津市,萱野浦２４番５０－７０６号,,25,201,5202143,,,,,,,2022-01-25,1,,,,,ゼロプラント,0
1152,4160003002478,新規,0,2022-01-25,2022-01-25,マナティリズ合同会社,,合同会社,滋賀県,長浜市,相撲町１３７３番地１２,,25,203,5260017,,,,,,,2022-01-25,1,,,,,マナティリズ,0
1155,4180001149708,新規,0,2022-01-25,2022-01-25,株式会社アンカー,,株式会社,愛知県,名古屋市中区,栄４丁目２０番２４号,,23,106,4600008,,,,,,,2022-01-25,1,,,,,アンカー,0
1156,4180001149716,新規,0,2022-01-25,2022-01-25,株式会社Ｌｉａｉｓｏｎ　Ｐｌａｎｅｔ,,株式会社,愛知県,春日井市,岩成台３丁目５番地４,,23,206,4870033,,,,,,,2022-01-25,1,,,,,リエゾンプラネット,0
1176,4230003001794,新規,0,2022-01-25,2022-01-25,ＮＧＵＹＥＮＫＨＯＩ合同会社,,合同会社,富山県,富山市,山室２５７番地１,,16,201,9398006,,,,,,,2022-01-25,1,,,,,グェンコイ,0
1216,4250001019374,新規,0,2022-01-25,2022-01-25,ＭａｇｏＴｏｇｏ株式会社,,株式会社,山口県,下関市,綾羅木南町３丁目１０－５,,35,201,7510848,,,,,,,2022-01-25,1,,,,,マゴトゴ,0
1219,4280001008614,新規,0,2022-01-25,2022-01-25,株式会社ナカダ,,株式会社,島根県,松江市,西持田町３６２番地８,,32,201,6900815,,,,,,,2022-01-25,1,,,,,ナカダ,0
1228,4290801028199,新規,0,2022-01-25,2022-01-25,株式会社夢,,株式会社,福岡県,北九州市門司区,柳町３丁目７番１号－１０３号,,40,101,8000025,,,,,,,2022-01-25,1,,,,,ユメ,0
1229,4290803004041,新規,0,2022-01-25,2022-01-25,合同会社ＦＥＬＩＺ,,合同会社,福岡県,北九州市小倉南区,葉山町３丁目２７番９号,,40,107,8020837,,,,,,,2022-01-25,1,,,,,フェリズ,0
1237,4330001029381,新規,0,2022-01-25,2022-01-25,株式会社熊本マーケティング研究所,,株式会社,熊本県,熊本市中央区,新屋敷３丁目１番８－２０３号,,43,101,8620975,,,,,,,2022-01-25,1,,,,,クマモトマーケティングケンキュウショ,0
1238,4330003009217,新規,0,2022-01-25,2022-01-25,合同会社心のおと,,合同会社,熊本県,荒尾市,一部１５０１番地５,,43,204,8640021,,,,,,,2022-01-25,1,,,,,ココロノオト,0
1240,4360001029924,新規,0,2022-01-25,2022-01-25,ＨＹ株式会社,,株式会社,沖縄県,沖縄市,園田３丁目１９番１０号,,47,211,9040022,,,,,,,2022-01-25,1,,,,,エイチワイ,0
1243,4380005012528,新規,0,2022-01-25,2022-01-25,社会福祉法人ゴールデンハープ,,その他の設立登記法人,福島県,いわき市,鹿島町御代字九反田１番地１,,07,204,9718146,,,,,,,2022-01-25,1,,,,,ゴールデンハープ,0
1257,4480005006874,新規,0,2022-01-25,2022-01-25,社会保険労務士法人アイフォレスト,,その他の設立登記法人,徳島県,徳島市,新南福島１丁目１番１４号,,36,201,7700867,,,,,,,2022-01-25,1,,,,,アイフォレスト,0
1260,4700150106794,新規,0,2022-01-25,2022-01-25,山口県病院企業年金基金,,その他,山口県,山口市,小郡高砂町１番８－５０５号　ＭＹ小郡ビル,,35,203,7540014,,,,,,,2022-01-25,1,,,,,ヤマグチケンビヨウインキギヨウネンキンキキン,0
1273,5010001223899,新規,0,2022-01-25,2022-01-25,株式会社ＫＫ,,株式会社,東京都,文京区,本郷５丁目２５番１３号,,13,105,1130033,,,,,,,2022-01-25,1,,,,,ケーケー,0
1277,5010003036829,新規,0,2022-01-25,2022-01-25,コト・シップ・ホールディング合同会社,,合同会社,東京都,中央区,京橋２丁目２番１号,,13,102,1040031,,,,,,,2022-01-25,1,,,,,コトシップホールディング,0
1278,5010003036837,新規,0,2022-01-25,2022-01-25,合同会社ａｗｅｓｏｍｅ９．,,合同会社,東京都,文京区,音羽１丁目６番１２号,,13,105,1120013,,,,,,,2022-01-25,1,,,,,オーサムナイン,0
1279,5010101015040,新規,0,2022-01-25,2022-01-25,株式会社ＴＳＬ,,株式会社,東京都,八王子市,鑓水１９６９番地２,,13,201,1920375,,,,,,,2022-01-25,1,,,,,ティーエスエル,0
1285,5010401165097,新規,0,2022-01-25,2022-01-25,サンクチュアリ株式会社,,株式会社,東京都,港区,六本木７丁目７番７号,,13,103,1060032,,,,,,,2022-01-25,1,,,,,サンクチュアリ,0
1286,5010401165155,新規,0,2022-01-25,2022-01-25,株式会社ポストコール,,株式会社,東京都,港区,赤坂４丁目２－３－２Ｆ,,13,103,1070052,,,,,,,2022-01-25,1,,,,,ポストコール,0
1297,5010701042112,新規,0,2022-01-25,2022-01-25,株式会社グランドコミュニケーション,,株式会社,東京都,品川区,大崎２丁目９－１－Ｅ３７０２,,13,109,1410032,,,,,,,2022-01-25,1,,,,,グランドコミュニケーション,0
1298,5010701042120,新規,0,2022-01-25,2022-01-25,ＤＣＭアドバンスド・テクノロジーズ株式会社,,株式会社,東京都,品川区,南大井６丁目２２番７号,,13,109,1400013,,,,,,,2022-01-25,1,,,,,ディーシーエムアドバンスドテクノロジーズ,0
1299,5010701042129,新規,0,2022-01-25,2022-01-25,株式会社千尋,,株式会社,東京都,品川区,西五反田１丁目２６番２号五反田サンハイツ９１１,,13,109,1410031,,,,,,,2022-01-25,1,,,,,チヒロ,0
1300,5010703006081,新規,0,2022-01-25,2022-01-25,合同会社デュオゴ,,合同会社,東京都,品川区,西五反田３丁目９番１－１１０１号,,13,109,1410031,,,,,,,2022-01-25,1,,,,,デュオゴ,0
1302,5010801032681,新規,0,2022-01-25,2022-01-25,株式会社Ｒａｄ　ｃｏｍｐａｎｙ,,株式会社,東京都,大田区,山王１丁目４４－１１－９０２,,13,111,1430023,,,,,,,2022-01-25,1,,,,,ラッドカンパニー,0
1311,5010903007103,新規,0,2022-01-25,2022-01-25,合同会社ＡＭＥＥ,,合同会社,東京都,世田谷区,下馬２丁目１４番９号,,13,112,1540002,,,,,,,2022-01-25,1,,,,,エーエムイーイー,0
1316,5011001145068,新規,0,2022-01-25,2022-01-25,株式会社ＨＡＮＡＢＥＮＩ,,株式会社,東京都,渋谷区,恵比寿４丁目１１－５,,13,113,1500013,,,,,,,2022-01-25,1,,,,,ハナベニ,0
1317,5011001145150,新規,0,2022-01-25,2022-01-25,株式会社Ｆａｍ　Ｌａｂ．,,株式会社,東京都,渋谷区,神宮前６丁目２３番４号桑野ビル２階,,13,113,1500001,,,,,,,2022-01-25,1,,,,,ファムラボ,0
1318,5011001145159,新規,0,2022-01-25,2022-01-25,株式会社Ｓａｍｕｒａｉ　Ｅｘｐｒｅｓｓ,,株式会社,東京都,渋谷区,神宮前６丁目２３－４,,13,113,1500001,,,,,,,2022-01-25,1,,,,,サムライエクスプレス,0
1319,5011001145209,新規,0,2022-01-25,2022-01-25,株式会社テリテック,,株式会社,東京都,渋谷区,本町２丁目７－１２マルメゾン１Ｆ,,13,113,1510071,,,,,,,2022-01-25,1,,,,,テリテック,0
1322,5011003013990,新規,0,2022-01-25,2022-01-25,ＴＨＩＮＫ　ＤＥＳＩＧＮ　ＯＦＦＩＣＥ合同会社,,合同会社,東京都,渋谷区,神宮前６丁目２３番４号桑野ビル２階,,13,113,1500001,,,,,,,2022-01-25,1,,,,,シンクデザインオフィス,0
1323,5011003014007,新規,0,2022-01-25,2022-01-25,合同会社クラレント,,合同会社,東京都,目黒区,緑が丘１丁目１０番１７号,,13,110,1520034,,,,,,,2022-01-25,1,,,,,クラレント,0
1338,5011103011366,新規,0,2022-01-25,2022-01-25,Ｊａｙ’ｓ合同会社,,合同会社,東京都,新宿区,北町２４－１シャリエ神楽坂２０３,,13,104,1620834,,,,,,,2022-01-25,1,,,,,ジェイズ,0
1339,5011103011390,新規,0,2022-01-25,2022-01-25,アンストラクチャー合同会社,,合同会社,東京都,新宿区,西新宿３丁目３－１３西新宿水間ビル６Ｆ,,13,104,1600023,,,,,,,2022-01-25,1,,,,,アンストラクチャー,0
1342,5011105010102,新規,0,2022-01-25,2022-01-25,一般社団法人日本デジタルパソロジー研究会,,その他の設立登記法人,東京都,新宿区,山吹町３５８番地５,,13,104,1620801,,,,,,,2022-01-25,1,,,,,ニホンデジタルパソロジーケンキュウカイ,0
1343,5011201023585,新規,0,2022-01-25,2022-01-25,株式会社ＰＲＩＭＥ　ＷＯＲＫＳ,,株式会社,東京都,中野区,中野４丁目１番１号,,13,114,1640001,,,,,,,2022-01-25,1,,,,,プライムワークス,0
1344,5011203003726,新規,0,2022-01-25,2022-01-25,合同会社Ｆｕｎ　Ｆａｒｍｉｎｇ,,合同会社,東京都,中野区,中野４丁目１－１中野サンプラザ９Ｆ,,13,114,1640001,,,,,,,2022-01-25,1,,,,,ファンファーミング,0
1348,5011301027511,新規,0,2022-01-25,2022-01-25,中藤建設株式会社,,株式会社,東京都,杉並区,桃井２丁目１６番３号,,13,115,1670034,,,,,,,2022-01-25,1,,,,,ナカフジケンセツ,0
1350,5011403003542,新規,0,2022-01-25,2022-01-25,合同会社ＶＥＬ,,合同会社,東京都,板橋区,小茂根５丁目１０－１４,,13,119,1730037,,,,,,,2022-01-25,1,,,,,ベル,0
1352,5011501027690,新規,0,2022-01-25,2022-01-25,鼎益株式会社,,株式会社,東京都,北区,赤羽１丁目３６番１１シンエイ赤羽マンション５０１Ａ号室,,13,117,1150045,,,,,,,2022-01-25,1,,,,,テイエキ,0
1353,5011503005050,新規,0,2022-01-25,2022-01-25,モトダ合同会社,,合同会社,東京都,北区,田端６丁目６番８号,,13,117,1140014,,,,,,,2022-01-25,1,,,,,,0
1358,5011801040245,新規,0,2022-01-25,2022-01-25,株式会社Ｉ－Ｏｎｅ,,株式会社,東京都,葛飾区,水元５丁目１６番８号,,13,122,1250032,,,,,,,2022-01-25,1,,,,,アイワン,0
1370,5013301048586,新規,0,2022-01-25,2022-01-25,株式会社千回,,株式会社,東京都,豊島区,南長崎４丁目３８番８号,,13,116,1710052,,,,,,,2022-01-25,1,,,,,センカイ,0
1376,5020001144905,新規,0,2022-01-25,2022-01-25,株式会社クロスウェーブ,,株式会社,神奈川県,横浜市金沢区,釜利谷東３丁目９番２４号,,14,108,2360042,,,,,,,2022-01-25,1,,,,,クロスウェーブ,0
1377,5020001144921,新規,0,2022-01-25,2022-01-25,株式会社グッドライフサポート,,株式会社,神奈川県,横浜市神奈川区,大口通２番地１,,14,102,2210002,,,,,,,2022-01-25,1,,,,,グッドライフサポート,0
1378,5020001144954,新規,0,2022-01-25,2022-01-25,株式会社ＭＫ,,株式会社,神奈川県,横浜市鶴見区,上末吉３丁目９－２０,,14,101,2300011,,,,,,,2022-01-25,1,,,,,エムケー,0
1380,5020003021193,新規,0,2022-01-25,2022-01-25,ジースクエア合同会社,,合同会社,神奈川県,横浜市港北区,日吉本町６丁目３０－１４－２,,14,109,2230062,,,,,,,2022-01-25,1,,,,,ジースクエア,0
1381,5021001075009,新規,0,2022-01-25,2022-01-25,株式会社コトノワホールディングス,,株式会社,神奈川県,横須賀市,粟田２丁目３２番１号,,14,201,2390845,,,,,,,2022-01-25,1,,,,,コトノワホールディングス,0
1382,5021001075033,新規,0,2022-01-25,2022-01-25,Ｍａｎｉｔｏｓ　Ｉｎｔｅｒｎａｔｉｏｎａｌ　Ｓｃｈｏｏｌ株式会社,,株式会社,神奈川県,相模原市南区,相南４丁目２４番５２－３０４号,,14,153,2520312,,,,,,,2022-01-25,1,,,,,マニトスインターナショナルスクール,0
1383,5021005012429,新規,0,2022-01-25,2022-01-25,一般社団法人人と動物の近未来研究機構,,その他の設立登記法人,神奈川県,藤沢市,藤沢３丁目２番５～４０１号,,14,205,2510052,,,,,,,2022-01-25,1,,,,,ヒトトドウブツノキンミライケンキュウキコウ,0
1392,5030001146438,新規,0,2022-01-25,2022-01-25,株式会社ＩＮＴＡＫＥ,,株式会社,埼玉県,熊谷市,新堀新田５３８番地２２,,11,202,3600842,,,,,,,2022-01-25,1,,,,,インテイク,0
1394,5030003018684,新規,0,2022-01-25,2022-01-25,合同会社ヒマワリ,,合同会社,埼玉県,さいたま市見沼区,大字蓮沼５２９番地１１,,11,104,3370015,,,,,,,2022-01-25,1,,,,,ヒマワリ,0
1400,5040001121860,新規,0,2022-01-25,2022-01-25,株式会社ＯＧＹ　Ａｓｓｅｔ　Ｌａｂ,,株式会社,千葉県,佐倉市,江原２９１番地３,,12,212,2850824,,,,,,,2022-01-25,1,,,,,オージーワイアセットラボ,0
1406,5040003019310,新規,0,2022-01-25,2022-01-25,合同会社いすみファクトリーナチュレーゼ,,合同会社,千葉県,いすみ市,岬町桑田２８１０番地７,,12,238,2994504,,,,,,,2022-01-25,1,,,,,イスミファクトリーナチュレーゼ,0
1407,5040003019368,新規,0,2022-01-25,2022-01-25,合同会社ロドリコ,,合同会社,千葉県,夷隅郡御宿町,岩和田３４５番１,,12,443,2995105,,,,,,,2022-01-25,1,,,,,ロドリコ,0
1410,5050001050506,新規,0,2022-01-25,2022-01-25,株式会社シオバラ商事,,株式会社,茨城県,坂東市,弓田３４８５番地,,08,228,3060607,,,,,,,2022-01-25,1,,,,,シオバラショウジ,0
1420,5100001034998,新規,0,2022-01-25,2022-01-25,株式会社ミカソル,,株式会社,長野県,諏訪郡下諏訪町,南四王５０６３番地１カネマンビル１０５号室,,20,361,3930045,,,,,,,2022-01-25,1,,,,,ミカソル,0
1425,5100003006376,新規,0,2022-01-25,2022-01-25,そのいち合同会社,,合同会社,長野県,北佐久郡軽井沢町,大字長倉５６１１番地１７,,20,321,3890111,,,,,,,2022-01-25,1,,,,,ソノイチ,0
1426,5110001036390,新規,0,2022-01-25,2022-01-25,株式会社ＹＵＲＡＲＡ,,株式会社,新潟県,柏崎市,中浜２丁目１５番３０号,,15,205,9450852,,,,,,,2022-01-25,1,,,,,ユララ,0
1431,5120001243358,新規,0,2022-01-25,2022-01-25,株式会社ＱＴＰ,,株式会社,大阪府,大阪市城東区,成育２丁目１４番２４号,,27,118,5360007,,,,,,,2022-01-25,1,,,,,キューティーピー,0
1432,5120001243366,新規,0,2022-01-25,2022-01-25,株式会社ＫＡＹＡＭＡ　ＧＵＭＩ,,株式会社,大阪府,守口市,八雲西町１丁目４８番９号,,27,209,5700006,,,,,,,2022-01-25,1,,,,,カヤマグミ,0
1433,5120001243390,新規,0,2022-01-25,2022-01-25,フォーリーダーズ株式会社,,株式会社,大阪府,大阪市中央区,安土町２丁目３番１３号大阪国際ビルディング３１階,,27,128,5410052,,,,,,,2022-01-25,1,,,,,フォーリーダーズ,0
1434,5120001243416,新規,0,2022-01-25,2022-01-25,株式会社希望,,株式会社,大阪府,大阪市港区,夕凪１丁目８番２５号,,27,107,5520004,,,,,,,2022-01-25,1,,,,,キボウ,0
1438,5120003021010,新規,0,2022-01-25,2022-01-25,ＲＥＩＹ合同会社,,合同会社,大阪府,大阪市中央区,日本橋１丁目４番１６号５０２室オーガストビル,,27,128,5420073,,,,,,,2022-01-25,1,,,,,レイワ,0
1441,5120101064992,新規,0,2022-01-25,2022-01-25,株式会社ＴＧＲファーマシーズ,,株式会社,大阪府,堺市堺区,北旅籠町西３丁３－１６,,27,141,5900928,,,,,,,2022-01-25,1,,,,,ティージーアールファーマシーズ,0
1451,5140001124671,新規,0,2022-01-25,2022-01-25,株式会社なかの屋,,株式会社,兵庫県,神戸市長田区,片山町５丁目７番２６号,,28,106,6530805,,,,,,,2022-01-25,1,,,,,ナカノヤ,0
1452,5140001124688,新規,0,2022-01-25,2022-01-25,株式会社ＨＡＲＳ,,株式会社,兵庫県,尼崎市,長洲西通１丁目５番１号,,28,202,6600807,,,,,,,2022-01-25,1,,,,,ハース,0
1456,5140003017262,新規,0,2022-01-25,2022-01-25,エム・コミュニケーションズ合同会社,,合同会社,兵庫県,明石市,朝霧台３７８３番地の１０６,,28,203,6730852,,,,,,,2022-01-25,1,,,,,エムコミュニケーションズ,0
1457,5140003017270,新規,0,2022-01-25,2022-01-25,合同会社Ｔｏｒｑｕｅ,,合同会社,兵庫県,西宮市,花の峯７番２１号,,28,204,6691121,,,,,,,2022-01-25,1,,,,,トルク,0
1460,5150001025274,新規,0,2022-01-25,2022-01-25,株式会社ＬＥＧＥＮＤ,,株式会社,奈良県,奈良市,敷島町２丁目５４６番地の４４,,29,201,6310031,,,,,,,2022-01-25,1,,,,,レジェンド,0
1470,5180001149500,新規,0,2022-01-25,2022-01-25,株式会社木越不動産事務所,,株式会社,愛知県,春日井市,旭町２丁目４３番地プリンスハイツ勝川４０３号,,23,206,4860929,,,,,,,2022-01-25,1,,,,,キゴシフドウサンジムショ,0
1471,5180001149707,新規,0,2022-01-25,2022-01-25,株式会社ＲＫＰＬＵＳ　ＪＡＰＡＮ,,株式会社,愛知県,名古屋市昭和区,川原通５丁目２番地の３ソフィア　ビル５Ａ号,,23,107,4660853,,,,,,,2022-01-25,1,,,,,アールケープラスジャパン,0
1474,5180003023422,新規,0,2022-01-25,2022-01-25,豊川商事合同会社,,合同会社,愛知県,北名古屋市,六ツ師女夫越１１０番地１,,23,234,4810001,,,,,,,2022-01-25,1,,,,,トヨカワショウジ,0
1477,5180301035870,新規,0,2022-01-25,2022-01-25,株式会社Ｔ‐Ｓｈｉｎｅ,,株式会社,愛知県,刈谷市,新田町６丁目４番地１,,23,210,4480015,,,,,,,2022-01-25,1,,,,,ティーシャイン,0
1487,5230003001793,新規,0,2022-01-25,2022-01-25,アールユー・リンクコンサル合同会社,,合同会社,富山県,富山市,天正寺１２０１番地,,16,201,9300955,,,,,,,2022-01-25,1,,,,,アールユーリンクコンサル,0
1532,5290001096153,新規,0,2022-01-25,2022-01-25,Ｎ‐ＷＯＯＤ創林株式会社,,株式会社,福岡県,福岡市博多区,博多駅前１丁目１番１号博多新三井ビルディング８階,,40,132,8120011,,,,,,,2022-01-25,1,,,,,エヌウッドソウリン,0
1533,5290003012059,新規,0,2022-01-25,2022-01-25,三友商事合同会社,,合同会社,福岡県,福岡市西区,愛宕３丁目１４‐９‐１‐１０１,,40,135,8190015,,,,,,,2022-01-25,1,,,,,サンユウショウジ,0
1534,5290003012067,新規,0,2022-01-25,2022-01-25,合同会社アスリンク,,合同会社,福岡県,福岡市博多区,東那珂１丁目１０－２８－７,,40,132,8120892,,,,,,,2022-01-25,1,,,,,アスリンク,0
1537,5290803004040,新規,0,2022-01-25,2022-01-25,合資会社優,,合資会社,福岡県,北九州市小倉北区,京町３丁目７番１－２４０３号,,40,106,8020002,,,,,,,2022-01-25,1,,,,,ユウ,0
1549,5380001032520,新規,0,2022-01-25,2022-01-25,株式会社エスポワール・デベロップメント,,株式会社,福島県,大沼郡会津美里町,字布才地６１７番地１,,07,447,9696266,,,,,,,2022-01-25,1,,,,,エスポワールデベロップメント,0
1556,5420005007786,新規,0,2022-01-25,2022-01-25,特定非営利活動法人こども共育塾つがる,,その他の設立登記法人,青森県,弘前市,大字山崎２丁目８番地１,,02,202,0368233,,,,,,,2022-01-25,1,,,,,コドモキョウイクジュクツガル,0
1569,6010001224054,新規,0,2022-01-25,2022-01-25,株式会社ＫＩＣ,,株式会社,東京都,千代田区,有楽町１丁目７番１号,,13,101,1000006,,,,,,,2022-01-25,1,,,,,キック,0
1570,6010001224079,新規,0,2022-01-25,2022-01-25,株式会社ＥＹＥＦＥＥＬ,,株式会社,東京都,中央区,銀座６丁目１３番９号ＧＩＲＡＣＧＩＮＺＡ６階,,13,102,1040061,,,,,,,2022-01-25,1,,,,,アイフィー,0
1571,6010001224087,新規,0,2022-01-25,2022-01-25,株式会社ＶＣ,,株式会社,東京都,中央区,新川１丁目２４番１２号ＳＨビル６階,,13,102,1040033,,,,,,,2022-01-25,1,,,,,ブイシー,0
1572,6010003036836,新規,0,2022-01-25,2022-01-25,合同会社アドプルマン,,合同会社,東京都,中央区,銀座１丁目２２番１１号銀座大竹ビジデンス２階,,13,102,1040061,,,,,,,2022-01-25,1,,,,,アドプルマン,0
1573,6010003036844,新規,0,2022-01-25,2022-01-25,ＷＯＯＤＥＮ　ＨＯＵＳＥ合同会社,,合同会社,東京都,中央区,銀座１丁目２２番１１号銀座大竹ビジデンス２階,,13,102,1040061,,,,,,,2022-01-25,1,,,,,ウッドゥンハウス,0
1574,6010003036860,新規,0,2022-01-25,2022-01-25,Ｓｕｎ　Ｔｒｉｎｉｔｙ合同会社,,合同会社,東京都,千代田区,大手町２丁目３番２号大手町プレイスイーストタワー,,13,101,1000004,,,,,,,2022-01-25,1,,,,,サントリニティー,0
1586,6010401165096,新規,0,2022-01-25,2022-01-25,株式会社ＰｅＣｏ,,株式会社,東京都,港区,芝１丁目２番１,,13,103,1050014,,,,,,,2022-01-25,1,,,,,ペコ,0
1587,6010401165146,新規,0,2022-01-25,2022-01-25,株式会社Ｏｎｆｆ,,株式会社,東京都,港区,南青山２丁目２番１５号ウィン青山９４２,,13,103,1070062,,,,,,,2022-01-25,1,,,,,オンフ,0
1588,6010403026957,新規,0,2022-01-25,2022-01-25,東通ウィンドファーム合同会社,,合同会社,東京都,港区,南青山１丁目１２番３号Ｎ２１５,,13,103,1070062,,,,,,,2022-01-25,1,,,,,ヒガシドオリウィンドファーム,0
1589,6010403026965,新規,0,2022-01-25,2022-01-25,フードアンドテーブルクリエーション合同会社,,合同会社,東京都,港区,海岸１丁目２番３号汐留芝離宮ビルディング２１階,,13,103,1050022,,,,,,,2022-01-25,1,,,,,フードアンドテーブルクリエーション,0
1594,6010701042128,新規,0,2022-01-25,2022-01-25,株式会社ｂｅｓｔＳｏｌｕｔｉｏｎｓ,,株式会社,東京都,品川区,西五反田８丁目２番１２号アール五反田７Ａ,,13,109,1410031,,,,,,,2022-01-25,1,,,,,ベストソルーションズ,0
1595,6010703006080,新規,0,2022-01-25,2022-01-25,Ｃｏｌｏｒ’ｓ合同会社,,合同会社,東京都,品川区,戸越３丁目４番３号トムメゾン３０６,,13,109,1420041,,,,,,,2022-01-25,1,,,,,カラーズ,0
1596,6010801032680,新規,0,2022-01-25,2022-01-25,株式会社ＫＵ,,株式会社,東京都,大田区,蒲田５丁目１５番２号２Ｆ,,13,111,1440052,,,,,,,2022-01-25,1,,,,,ケイユー,0
1599,6010903007102,新規,0,2022-01-25,2022-01-25,合同会社ＳＥＴＡＧＡＹＡ　ＵＮＩＴＥＤ,,合同会社,東京都,世田谷区,岡本３丁目３２番１４号,,13,112,1570076,,,,,,,2022-01-25,1,,,,,セタガヤユナイテッド,0
1602,6011001145067,新規,0,2022-01-25,2022-01-25,株式会社ＷＪ　Ｍａｒｋｅｔｉｎｇ,,株式会社,東京都,渋谷区,代々木５丁目５４－４,,13,113,1510053,,,,,,,2022-01-25,1,,,,,ダブルジェーマーケティング,0
1603,6011001145100,新規,0,2022-01-25,2022-01-25,株式会社Ｓｅｃｏｎｄ　Ｖｏｉｃｅ,,株式会社,東京都,渋谷区,円山町５番５号Ｎａｖｉ渋谷Ｖ３階,,13,113,1500044,,,,,,,2022-01-25,1,,,,,セカンドヴォイス,0
1604,6011001145265,新規,0,2022-01-25,2022-01-25,株式会社アシタヘ,,株式会社,東京都,渋谷区,神南１丁目６番５号,,13,113,1500041,,,,,,,2022-01-25,1,,,,,アシタヘ,0
1605,6011001145298,新規,0,2022-01-25,2022-01-25,株式会社ＡＮＧＯ,,株式会社,東京都,渋谷区,神宮前５丁目４６番１８号,,13,113,1500001,,,,,,,2022-01-25,1,,,,,アンゴ,0
1607,6011003013981,新規,0,2022-01-25,2022-01-25,合同会社ジヌシキカク,,合同会社,東京都,渋谷区,渋谷２丁目１９－１５宮益坂ビルディング６０９,,13,113,1500002,,,,,,,2022-01-25,1,,,,,ジヌシキカク,0
1608,6011003014014,新規,0,2022-01-25,2022-01-25,合同会社Ａｔｅｍ,,合同会社,東京都,渋谷区,道玄坂１丁目６番５号,,13,113,1500043,,,,,,,2022-01-25,1,,,,,アーテム,0
1609,6011003014030,新規,0,2022-01-25,2022-01-25,アトーカコンサル合同会社,,合同会社,東京都,目黒区,上目黒３丁目２１番２－２０３号ディアナコート上目黒,,13,110,1530051,,,,,,,2022-01-25,1,,,,,アトーカコンサル,0
1648,6011601025692,新規,0,2022-01-25,2022-01-25,Ｇｒｏｗ－ｕｐ株式会社,,株式会社,東京都,練馬区,石神井町２丁目３１番２１号,,13,120,1770041,,,,,,,2022-01-25,1,,,,,グローアップ,0
1650,6011603003507,新規,0,2022-01-25,2022-01-25,合同会社ＣＯＭＰＡＳＳ,,合同会社,東京都,練馬区,光が丘３丁目９番３－２８０６号,,13,120,1790072,,,,,,,2022-01-25,1,,,,,コンパス,0
1654,6012403005206,新規,0,2022-01-25,2022-01-25,合同会社トンボハウス,,合同会社,東京都,調布市,飛田給１丁目２７番地４ファースト調布４０５,,13,208,1820036,,,,,,,2022-01-25,1,,,,,トンボハウス,0
1655,6012405004692,新規,0,2022-01-25,2022-01-25,一般社団法人東京ミュージカルアンサンブル,,その他の設立登記法人,東京都,調布市,西つつじケ丘４丁目２３番地神代公団住宅４７号舘１０７号室,,13,208,1820006,,,,,,,2022-01-25,1,,,,,トウキョウミュージカルアンサンブル,0
1658,6013303005989,新規,0,2022-01-25,2022-01-25,新規事業コンサルティング合同会社,,合同会社,東京都,豊島区,巣鴨２丁目１５―１,,13,116,1700002,,,,,,,2022-01-25,1,,,,,シンキジギョウコンサルティング,0
1659,6013303006013,新規,0,2022-01-25,2022-01-25,ＫＥＮ会計サポートサービス合同会社,,合同会社,東京都,豊島区,東池袋１丁目１５番１号,,13,116,1700013,,,,,,,2022-01-25,1,,,,,ケンカイケイサポートサービス,0
1663,6020001144929,新規,0,2022-01-25,2022-01-25,株式会社ケンちゃん,,株式会社,神奈川県,横浜市港南区,芹が谷２丁目２４番１２号,,14,111,2330006,,,,,,,2022-01-25,1,,,,,ケンチャン,0
1664,6020001144945,新規,0,2022-01-25,2022-01-25,株式会社ウチサン,,株式会社,神奈川県,川崎市多摩区,堰１丁目３０番３０－１０７号,,14,135,2140022,,,,,,,2022-01-25,1,,,,,ウチサン,0
1669,6020005015333,新規,0,2022-01-25,2022-01-25,特定非営利活動法人てとてと陽だまり,,その他の設立登記法人,神奈川県,横浜市港南区,芹が谷２丁目８番１２号,,14,111,2330006,,,,,,,2022-01-25,1,,,,,テトテトヒダマリ,0
1674,6021001075008,新規,0,2022-01-25,2022-01-25,株式会社浜湘ＴＥＣＨ,,株式会社,神奈川県,藤沢市,片瀬海岸３丁目１６番９号,,14,205,2510035,,,,,,,2022-01-25,1,,,,,ハマショウテック,0
1677,6021003011324,新規,0,2022-01-25,2022-01-25,合同会社ＳｏｕｎｄＭＡＴＥ,,合同会社,神奈川県,藤沢市,辻堂元町３丁目６番１４号,,14,205,2510043,,,,,,,2022-01-25,1,,,,,サウンドメイト,0
1691,6030001146494,新規,0,2022-01-25,2022-01-25,ＦＲＯＧＨＯＭＥ’Ｓ株式会社,,株式会社,埼玉県,入間市,宮寺６７７番地２,,11,225,3580014,,,,,,,2022-01-25,1,,,,,フロッグホームズ,0
1695,6030003018725,新規,0,2022-01-25,2022-01-25,合同会社ピースクラフト,,合同会社,埼玉県,川越市,新宿町５丁目１３－２９新宿団地３号棟３０２号室,,11,201,3501124,,,,,,,2022-01-25,1,,,,,ピースクラフト,0
1706,6040001121884,新規,0,2022-01-25,2022-01-25,天信株式会社,,株式会社,千葉県,柏市,酒井根３丁目１８－２２,,12,217,2770053,,,,,,,2022-01-25,1,,,,,テンシン,0
1712,6050001050521,新規,0,2022-01-25,2022-01-25,株式会社グッドワークス,,株式会社,茨城県,鹿嶋市,大字宮津台６番地４５,,08,222,3140006,,,,,,,2022-01-25,1,,,,,グッドワークス,0
1716,6070005009941,新規,0,2022-01-25,2022-01-25,一般社団法人アテナ,,その他の設立登記法人,群馬県,高崎市,井野町１９６番地１０,,10,202,3700004,,,,,,,2022-01-25,1,,,,,アテナ,0
1724,6100001034997,新規,0,2022-01-25,2022-01-25,Ａｃｔｉｖｅ　Ｔｒａｖｅｌ　Ｊａｐａｎ株式会社,,株式会社,長野県,上田市,仁古田８８１番地２,,20,203,3861544,,,,,,,2022-01-25,1,,,,,アクティブトラベルジャパン,0
1732,6120001243365,新規,0,2022-01-25,2022-01-25,株式会社ＩＳ　ＦＩＥＬＤ,,株式会社,大阪府,大阪市中央区,高麗橋２丁目１番８－３１０６号,,27,128,5410043,,,,,,,2022-01-25,1,,,,,アイエスフィールド,0
1733,6120001243373,新規,0,2022-01-25,2022-01-25,平成輸送株式会社,,株式会社,大阪府,大阪市大正区,南恩加島５丁目１５番２０号,,27,108,5510021,,,,,,,2022-01-25,1,,,,,ヘイセイユソウ,0
1734,6120001243381,新規,0,2022-01-25,2022-01-25,井田村株式会社,,株式会社,大阪府,大阪市港区,夕凪１丁目１６－２１第４三先ハウス２０１号室,,27,107,5520004,,,,,,,2022-01-25,1,,,,,イダムラ,0
1735,6120001243398,新規,0,2022-01-25,2022-01-25,株式会社Ｌｉｆｅｎｒｉｃｈ,,株式会社,大阪府,大阪市中央区,森ノ宮中央１丁目１６番１７－９０５号,,27,128,5400003,,,,,,,2022-01-25,1,,,,,リフェンリッチ,0
1736,6120001243415,新規,0,2022-01-25,2022-01-25,株式会社ｒｅｆｒａｍｅ,,株式会社,大阪府,大阪市中央区,平野町３丁目１番６号,,27,128,5410046,,,,,,,2022-01-25,1,,,,,リフレーム,0
1742,6120005022740,新規,0,2022-01-25,2022-01-25,医療法人はじめ会,,その他の設立登記法人,大阪府,枚方市,岡本町７番１号枚方ビオルネ４階,,27,210,5730031,,,,,,,2022-01-25,1,,,,,ハジメカイ,0
1744,6120103004541,新規,0,2022-01-25,2022-01-25,合同会社９ｎｉｎｅ,,合同会社,大阪府,和泉市,のぞみ野１丁目２６－２グリンヒルズ１ＦＣ号,,27,219,5941105,,,,,,,2022-01-25,1,,,,,ナイン,0
1749,6122001035528,新規,0,2022-01-25,2022-01-25,ＵＬＵ　ＭＥＴＡＬ株式会社,,株式会社,大阪府,東大阪市,吉田７丁目７番３６号,,27,227,5780924,,,,,,,2022-01-25,1,,,,,ウルメタル,0
1751,6130001070998,新規,0,2022-01-25,2022-01-25,株式会社ＳＡＮＳＨＩ,,株式会社,京都府,京都市中京区,一之船入町５３７番地２０,,26,104,6040924,,,,,,,2022-01-25,1,,,,,サンシ,0
1757,6140001124670,新規,0,2022-01-25,2022-01-25,株式会社ＰＡＳＳＭＥＤ,,株式会社,兵庫県,尼崎市,金楽寺町１丁目５番１－９０１号,,28,202,6600806,,,,,,,2022-01-25,1,,,,,パスメド,0
1759,6140003017261,新規,0,2022-01-25,2022-01-25,Ｓｅｅｄ，ｓ　ｌａｂｏ合同会社,,合同会社,兵庫県,神戸市西区,岩岡町古郷１７５０番地の２,,28,111,6512404,,,,,,,2022-01-25,1,,,,,シーズラボ,0
1766,6180001149672,新規,0,2022-01-25,2022-01-25,株式会社ＡＮＤＯ,,株式会社,愛知県,名古屋市瑞穂区,高田町３丁目２４番地の１,,23,108,4670808,,,,,,,2022-01-25,1,,,,,アンドウ,0
1767,6180001149706,新規,0,2022-01-25,2022-01-25,サン・リール株式会社,,株式会社,愛知県,愛西市,二子町丸島１４３番地,,23,232,4968036,,,,,,,2022-01-25,1,,,,,サンリール,0
1776,6190001029056,新規,0,2022-01-25,2022-01-25,鈴鹿フォレストパートナーズ株式会社,,株式会社,三重県,鈴鹿市,矢橋１丁目２３番４号,,24,207,5130036,,,,,,,2022-01-25,1,,,,,スズカフォレストパートナーズ,0
1826,6290001096193,新規,0,2022-01-25,2022-01-25,株式会社栄光ワールドジャパン,,株式会社,福岡県,福岡市東区,三苫５丁目１番３７－６０１号,,40,131,8110201,,,,,,,2022-01-25,1,,,,,エイコウワールドジャパン,0
1835,6320001018854,新規,0,2022-01-25,2022-01-25,株式会社Ｌａｎｄ　Ｆａｒｍ,,株式会社,大分県,別府市,大字鶴見４０７６番２１,,44,202,8740840,,,,,,,2022-01-25,1,,,,,ランドファーム,0
1839,6340001024446,新規,0,2022-01-25,2022-01-25,株式会社お茶の石峰園,,株式会社,鹿児島県,霧島市,溝辺町麓５８１７番地２,,46,218,8996404,,,,,,,2022-01-25,1,,,,,オチャノセキホウエン,0
1842,6360001029922,新規,0,2022-01-25,2022-01-25,株式会社サンミュージック沖縄,,株式会社,沖縄県,沖縄市,中央１丁目２３番２号,,47,211,9040004,,,,,,,2022-01-25,1,,,,,サンミュージックオキナワ,0
1843,6360003011754,新規,0,2022-01-25,2022-01-25,合同会社ＢｉｇＢｌｕｅ,,合同会社,沖縄県,国頭郡恩納村,字瀬良垣１５１８番地１－２Ｆ,,47,311,9040404,,,,,,,2022-01-25,1,,,,,ビッグブルー,0
1848,6390003001918,新規,0,2022-01-25,2022-01-25,合同会社プロフィットジェイ,,合同会社,山形県,酒田市,新橋２丁目２６‐２０,,06,204,9980864,,,,,,,2022-01-25,1,,,,,プロフィットジェイ,0
1853,6420001017722,新規,0,2022-01-25,2022-01-25,株式会社平山農園,,株式会社,青森県,つがる市,牛潟町大田光７１番地４５,,02,209,0383305,,,,,,,2022-01-25,1,,,,,ヒラヤマノウエン,0
1856,6430001085859,新規,0,2022-01-25,2022-01-25,アトリア株式会社,,株式会社,北海道,札幌市北区,北十条西２丁目９番地３グランファーレ札幌ステーション８０５号,,01,102,0010010,,,,,,,2022-01-25,1,,,,,アトリア,0
1857,6430003013561,新規,0,2022-01-25,2022-01-25,合同会社オーライン,,合同会社,北海道,札幌市北区,屯田一条２丁目５番１６号,,01,102,0020851,,,,,,,2022-01-25,1,,,,,オーライン,0
1858,6430005014376,新規,0,2022-01-25,2022-01-25,ＷｏｒｌｄＧｒｏｕｐ協同組合,,その他の設立登記法人,北海道,札幌市北区,北二十四条西８丁目１－１７－１０１,,01,102,0010024,,,,,,,2022-01-25,1,,,,,ワールドグループ,0
1859,6440003001441,新規,0,2022-01-25,2022-01-25,合同会社みんなの未来,,合同会社,北海道,寿都郡寿都町,字新栄町２４３番地６,,01,392,0480401,,,,,,,2022-01-25,1,,,,,ミンナノミライ,0
1861,6450003002174,新規,0,2022-01-25,2022-01-25,合同会社Ｎｏｒｔｈ　Ｓｔｒａｔｅｇｙ,,合同会社,北海道,名寄市,風連町字中央１６６６番地,,01,221,0980515,,,,,,,2022-01-25,1,,,,,ノースストラテジー,0
1862,6460101007132,新規,0,2022-01-25,2022-01-25,株式会社とかちワークス,,株式会社,北海道,帯広市,西十八条南２丁目４番地６リエート１８　２０５,,01,207,0800028,,,,,,,2022-01-25,1,,,,,,0
1865,6470003002115,新規,0,2022-01-25,2022-01-25,合同会社カンナ,,合同会社,香川県,丸亀市,土器町東４丁目３５５－７,,37,202,7630082,,,,,,,2022-01-25,1,,,,,カンナ,0
1885,7010001224086,新規,0,2022-01-25,2022-01-25,株式会社ＫＰＣ,,株式会社,東京都,中央区,八丁堀３丁目１７番１６号,,13,102,1040032,,,,,,,2022-01-25,1,,,,,ケーピーシー,0
1886,7010001224111,新規,0,2022-01-25,2022-01-25,ＴＡＰパートナーズ株式会社,,株式会社,東京都,文京区,小日向２丁目３１番１６号,,13,105,1120006,,,,,,,2022-01-25,1,,,,,ティーエーピーパートナーズ,0
1889,7010003036785,新規,0,2022-01-25,2022-01-25,合同会社ルリソウ,,合同会社,東京都,千代田区,九段北２丁目３番９号北の丸レジデンス４Ｆ,,13,101,1020073,,,,,,,2022-01-25,1,,,,,ルリソウ,0
1890,7010101015039,新規,0,2022-01-25,2022-01-25,まとい株式会社,,株式会社,東京都,八王子市,東町５番５号ハルズ八王子３Ｆ－Ａ,,13,201,1920082,,,,,,,2022-01-25,1,,,,,マトイ,0
1902,7010403026956,新規,0,2022-01-25,2022-01-25,平内ウィンドファーム合同会社,,合同会社,東京都,港区,南青山１丁目１２番３号Ｎ２１５,,13,103,1070062,,,,,,,2022-01-25,1,,,,,ヒラナイウィンドファーム,0
1903,7010403026964,新規,0,2022-01-25,2022-01-25,合同会社ツルヤチョウ,,合同会社,東京都,港区,赤坂２丁目１０番５号税理士法人赤坂国際会計事務所内,,13,103,1070052,,,,,,,2022-01-25,1,,,,,ツルヤチョウ,0
1904,7010405020610,新規,0,2022-01-25,2022-01-25,特定目的会社ゴールドＪ,,その他の設立登記法人,東京都,港区,虎ノ門３丁目２２番１０－２０１号,,13,103,1050001,,,,,,,2022-01-25,1,,,,,ゴールドジェイ,0
1905,7010405020619,新規,0,2022-01-25,2022-01-25,レジデンシャル５特定目的会社,,その他の設立登記法人,東京都,港区,虎ノ門３丁目２２番１０－２０１号,,13,103,1050001,,,,,,,2022-01-25,1,,,,,レジデンシャルファイブ,0
1907,7010501048357,新規,0,2022-01-25,2022-01-25,源豊株式会社,,株式会社,東京都,台東区,駒形１丁目６番３－８０１号,,13,106,1110043,,,,,,,2022-01-25,1,,,,,ゲンホウ,0
1908,7010503006478,新規,0,2022-01-25,2022-01-25,ＧＵＧ合同会社,,合同会社,東京都,台東区,台東１丁目２４番９号ブライト秋葉原２階,,13,106,1100016,,,,,,,2022-01-25,1,,,,,ジーユージー,0
1916,7010701042110,新規,0,2022-01-25,2022-01-25,株式会社ＥＣＬＯＲＥ,,株式会社,東京都,品川区,西五反田１丁目１７番７号第１９高橋ビル４Ｆ,,13,109,1410031,,,,,,,2022-01-25,1,,,,,エクロール,0
1917,7010701042127,新規,0,2022-01-25,2022-01-25,株式会社ｃｒｅａｔｅＳｏｌｕｔｉｏｎｓ,,株式会社,東京都,品川区,南品川４丁目４番１７号品川サウスタワー,,13,109,1400004,,,,,,,2022-01-25,1,,,,,クリーエートソルーションズ,0
1928,7011001145066,新規,0,2022-01-25,2022-01-25,株式会社Ｔｈｉｎｋｙｏｕ,,株式会社,東京都,渋谷区,渋谷２丁目１９－１５宮益坂ビルディング６０９,,13,113,1500002,,,,,,,2022-01-25,1,,,,,シンクユー,0
1929,7011001145090,新規,0,2022-01-25,2022-01-25,株式会社日本産直空輸,,株式会社,東京都,渋谷区,神宮前６丁目１０番９号,,13,113,1500001,,,,,,,2022-01-25,1,,,,,ニホンサンチョククウユ,0
1930,7011001145140,新規,0,2022-01-25,2022-01-25,ｊｉｎｉｕｓ株式会社,,株式会社,東京都,渋谷区,渋谷１丁目１－３アミーホール３・４階４０２,,13,113,1500002,,,,,,,2022-01-25,1,,,,,ジニアス,0
1931,7011001145149,新規,0,2022-01-25,2022-01-25,株式会社１０．０,,株式会社,東京都,渋谷区,桜丘町３０－１２マイア渋谷桜丘３０４,,13,113,1500031,,,,,,,2022-01-25,1,,,,,ジュッテンゼロ,0
1932,7011001145165,新規,0,2022-01-25,2022-01-25,株式会社Ｗｈｉｔｅ　Ｄｏｖｅ,,株式会社,東京都,渋谷区,恵比寿１丁目８番３－５０２号,,13,113,1500013,,,,,,,2022-01-25,1,,,,,ホワイトダブ,0
1949,7011101097604,新規,0,2022-01-25,2022-01-25,Ｓｉｍｐｌｙ　Ｂｅｓｔ株式会社,,株式会社,東京都,新宿区,大久保１丁目３番３号,,13,104,1690072,,,,,,,2022-01-25,1,,,,,シンプリーベスト,0
1974,7011603003506,新規,0,2022-01-25,2022-01-25,ＰＨ合同会社,,合同会社,東京都,練馬区,北町７丁目６番３４号,,13,120,1790081,,,,,,,2022-01-25,1,,,,,ピーエイチ,0
1980,7012401038784,新規,0,2022-01-25,2022-01-25,株式会社ヌシュルク,,株式会社,東京都,小金井市,本町４丁目１４番３号レジェールドール２０１,,13,210,1840004,,,,,,,2022-01-25,1,,,,,ヌシュルク,0
1990,7020001144936,新規,0,2022-01-25,2022-01-25,株式会社ＴＳプロダクト,,株式会社,神奈川県,横浜市中区,石川町２丁目７０番地,,14,104,2310868,,,,,,,2022-01-25,1,,,,,ティーエスプロダクト,0
2000,7021003011323,新規,0,2022-01-25,2022-01-25,合同会社エム電気,,合同会社,神奈川県,座間市,小松原２丁目５６番３４号,,14,216,2520002,,,,,,,2022-01-25,1,,,,,エムデンキ,0
2006,7030001146477,新規,0,2022-01-25,2022-01-25,株式会社坂本工業,,株式会社,埼玉県,飯能市,柳町８－９グローバル飯能ビル３Ｆ,,11,209,3570035,,,,,,,2022-01-25,1,,,,,サカモトコウギョウ,0
2013,7040001121958,新規,0,2022-01-25,2022-01-25,名鏡株式会社,,株式会社,千葉県,柏市,若柴１７８番地４柏の葉キャンパス１４８街区１パークシティ柏の葉キャンパスザ・ゲートタワーウェスト３階,,12,217,2770871,,,,,,,2022-01-25,1,,,,,メイキョウ,0
2020,7050001050520,新規,0,2022-01-25,2022-01-25,株式会社３８研究所,,株式会社,茨城県,牛久市,島田町２１８－３,,08,219,3001284,,,,,,,2022-01-25,1,,,,,サーティーエイトケンキュウジョ,0
2022,7050003006330,新規,0,2022-01-25,2022-01-25,日本計画合同会社,,合同会社,茨城県,つくば市,上郷３５４８番地１,,08,220,3002645,,,,,,,2022-01-25,1,,,,,ニホンケイカク,0
2023,7050005013003,新規,0,2022-01-25,2022-01-25,一般社団法人稲式農村活性化振興協会,,その他の設立登記法人,茨城県,稲敷市,柴崎１４１,,08,229,3001412,,,,,,,2022-01-25,1,,,,,イナシキノウソンカッセイカシンコウキョウカイ,0
2024,7060001034506,新規,0,2022-01-25,2022-01-25,ＩＲＦＡＮ　ＡＭＩＮＡ株式会社,,株式会社,栃木県,栃木市,岩舟町畳岡２８４番地３,,09,203,3294309,,,,,,,2022-01-25,1,,,,,イルファヌアミイナ,0
2029,7080001024703,新規,0,2022-01-25,2022-01-25,株式会社Ｂｒｉｇｈｔ　Ｆｉｌｍｓ,,株式会社,静岡県,牧之原市,細江４２１４番地３ヴェルデ・コート３０１,,22,226,4210421,,,,,,,2022-01-25,1,,,,,ブライトフィルムズ,0
2033,7100001035004,新規,0,2022-01-25,2022-01-25,ＫＫ自動車株式会社,,株式会社,長野県,松本市,大字神林９８４番地１,,20,202,3901243,,,,,,,2022-01-25,1,,,,,ケイケイジドウシャ,0
2034,7110001036389,新規,0,2022-01-25,2022-01-25,株式会社フェニックス,,株式会社,新潟県,三島郡出雲崎町,大字羽黒町１３０番地２,,15,405,9494305,,,,,,,2022-01-25,1,,,,,フェニックス,0
2043,7120001243249,新規,0,2022-01-25,2022-01-25,株式会社鼎江精工,,株式会社,大阪府,大阪市東成区,大今里南６丁目２５番１３号,,27,115,5370013,,,,,,,2022-01-25,1,,,,,テイエセイコウ,0
2044,7120001243364,新規,0,2022-01-25,2022-01-25,株式会社Ｐ３,,株式会社,大阪府,大阪市中央区,宗右衛門町３番８号,,27,128,5420084,,,,,,,2022-01-25,1,,,,,ピースリー,0
2045,7120001243414,新規,0,2022-01-25,2022-01-25,株式会社パリスト,,株式会社,大阪府,大阪市住吉区,南住吉４丁目７番２６号,,27,120,5580041,,,,,,,2022-01-25,1,,,,,パリスト,0
2046,7120005022731,新規,0,2022-01-25,2022-01-25,医療法人希桜会,,その他の設立登記法人,大阪府,大阪市東淀川区,豊里１丁目３番３３号豊里白陵ビル２階,,27,114,5330013,,,,,,,2022-01-25,1,,,,,キオウカイ,0
2048,7120101064891,新規,0,2022-01-25,2022-01-25,株式会社長谷板金工業,,株式会社,大阪府,阪南市,鳥取中２２６番地の９,,27,232,5990211,,,,,,,2022-01-25,1,,,,,ナガタニバンキンコウギョウ,0
2051,7120901045505,新規,0,2022-01-25,2022-01-25,株式会社ネクサム,,株式会社,大阪府,豊中市,少路２丁目３番２５－７０４号,,27,203,5600004,,,,,,,2022-01-25,1,,,,,ネクサム,0
2052,7120903003956,新規,0,2022-01-25,2022-01-25,合同会社ＴＯＢＩＲＡマネジメント,,合同会社,大阪府,高槻市,真上町１丁目１３番１５号木村ビル４Ｆ,,27,207,5691121,,,,,,,2022-01-25,1,,,,,トビラマネジメント,0
2053,7120905006263,新規,0,2022-01-25,2022-01-25,医療法人こじま矯正歯科クリニック,,その他の設立登記法人,大阪府,茨木市,双葉町９番２３号スターツ茨木市駅前ビル１Ｆ,,27,211,5670829,,,,,,,2022-01-25,1,,,,,コジマキョウセイシカクリニック,0
2059,7140001124637,新規,0,2022-01-25,2022-01-25,株式会社想月,,株式会社,兵庫県,川辺郡猪名川町,広根字西ヲコダ１４番地,,28,301,6660252,,,,,,,2022-01-25,1,,,,,ソウゲツ,0
2060,7140001124653,新規,0,2022-01-25,2022-01-25,株式会社ＧＲＥＥＮ　ＨＡＮＤ,,株式会社,兵庫県,神戸市中央区,琴ノ緒町４丁目７番１号シャーメゾンＣＯＣＯ三宮１０２号,,28,110,6510094,,,,,,,2022-01-25,1,,,,,グリーンハンド,0
2061,7140001124661,新規,0,2022-01-25,2022-01-25,プレミアムスター株式会社,,株式会社,兵庫県,伊丹市,荒牧南４丁目１３番１３号,,28,207,6640008,,,,,,,2022-01-25,1,,,,,プレミアムスター,0
2062,7140001124678,新規,0,2022-01-25,2022-01-25,株式会社エクウス,,株式会社,兵庫県,神崎郡市川町,下牛尾１１４９,,28,442,6792302,,,,,,,2022-01-25,1,,,,,エクウス,0
2069,7150001025280,新規,0,2022-01-25,2022-01-25,アルゴフォーム株式会社,,株式会社,奈良県,奈良市,小倉町４１番地の１,,29,201,6320111,,,,,,,2022-01-25,1,,,,,アルゴフォーム,0
2071,7170001016955,新規,0,2022-01-25,2022-01-25,株式会社マーベリック,,株式会社,和歌山県,日高郡美浜町,大字三尾１８９４番地,,30,381,6440045,,,,,,,2022-01-25,1,,,,,マーベリック,0
2075,7180003023420,新規,0,2022-01-25,2022-01-25,合同会社はりすたいる,,合同会社,愛知県,名古屋市中区,栄３丁目３５番２１号菱家ビル５０３号,,23,106,4600008,,,,,,,2022-01-25,1,,,,,ハリスタイル,0
2076,7180003023429,新規,0,2022-01-25,2022-01-25,ｍａｇｉｃａｌ　ｌａｎｄ合同会社,,合同会社,愛知県,名古屋市中区,丸の内１丁目１０－２９白川第８ビル５Ｆ,,23,106,4600002,,,,,,,2022-01-25,1,,,,,マジカルランド,0
2079,7180301035860,新規,0,2022-01-25,2022-01-25,株式会社ミカヅキグラフィカ,,株式会社,愛知県,岡崎市,八帖南町１丁目１０番地７,,23,202,4440922,,,,,,,2022-01-25,1,,,,,ミカヅキグラフィカ,0
2080,7190001029055,新規,0,2022-01-25,2022-01-25,株式会社リベラホーム,,株式会社,三重県,多気郡明和町,大字斎宮１番地の２,,24,442,5150321,,,,,,,2022-01-25,1,,,,,リベラホーム,0
2118,7250001019371,新規,0,2022-01-25,2022-01-25,株式会社ｍｉｙａｂｉ,,株式会社,山口県,下関市,椋野町３丁目１番３１号シャーメゾントルペ１０２号,,35,201,7510816,,,,,,,2022-01-25,1,,,,,ミヤビ,0
2125,7290001096151,新規,0,2022-01-25,2022-01-25,株式会社Ｂａｌｌｅｒｉａ,,株式会社,福岡県,福岡市博多区,中洲中島町３番１５号,,40,132,8100802,,,,,,,2022-01-25,1,,,,,バレリア,0
2126,7290001096184,新規,0,2022-01-25,2022-01-25,ＲＩＮＧＬＡＫＥ株式会社,,株式会社,福岡県,福岡市博多区,博多駅前２丁目１番１号福岡朝日ビル１階,,40,132,8120011,,,,,,,2022-01-25,1,,,,,リングレイク,0
2127,7290001096218,新規,0,2022-01-25,2022-01-25,株式会社青山建設,,株式会社,福岡県,福岡市早良区,原４丁目１３番１５－１０５号,,40,137,8140022,,,,,,,2022-01-25,1,,,,,アオヤマケンセツ,0
2133,7310005008579,新規,0,2022-01-25,2022-01-25,特定非営利活動法人あいらんど,,その他の設立登記法人,長崎県,佐世保市,小佐世保町１５番３号,,42,202,8570813,,,,,,,2022-01-25,1,,,,,アイランド,0
2139,7330001029379,新規,0,2022-01-25,2022-01-25,株式会社コウサクファーム,,株式会社,熊本県,山鹿市,鹿央町広２１７５番地,,43,208,8610564,,,,,,,2022-01-25,1,,,,,コウサクファーム,0
2142,7330003009214,新規,0,2022-01-25,2022-01-25,山鹿イタリー亭合同会社,,合同会社,熊本県,山鹿市,大橋通２０２番地１,,43,208,8610517,,,,,,,2022-01-25,1,,,,,ヤマガイタリーテイ,0
2147,7360001029921,新規,0,2022-01-25,2022-01-25,株式会社ケントホーム,,株式会社,沖縄県,国頭郡本部町,字渡久地２５番地１,,47,308,9050214,,,,,,,2022-01-25,1,,,,,ケントホーム,0
2148,7360003011712,新規,0,2022-01-25,2022-01-25,合同会社ＴＹ,,合同会社,沖縄県,那覇市,古波蔵２丁目３２―２７―３０９,,47,201,9000024,,,,,,,2022-01-25,1,,,,,ティーワイ,0
2149,7360005006586,新規,0,2022-01-25,2022-01-25,一般社団法人Ｓａｌｖｉａ,,その他の設立登記法人,沖縄県,那覇市,識名１丁目１番１２－１００２号,,47,201,9020078,,,,,,,2022-01-25,1,,,,,サルビア,0
2158,7420001017721,新規,0,2022-01-25,2022-01-25,開発興業株式会社,,株式会社,青森県,青森市,浜館４丁目１番地７０,,02,201,0300947,,,,,,,2022-01-25,1,,,,,カイハツコウギョウ,0
2163,7430003013560,新規,0,2022-01-25,2022-01-25,合同会社ｂｅｉｎｇ,,合同会社,北海道,岩見沢市,三条東１丁目８番地１,,01,210,0680003,,,,,,,2022-01-25,1,,,,,ビーイング,0
2164,7440003001440,新規,0,2022-01-25,2022-01-25,合同会社佐藤ボーリング,,合同会社,北海道,北斗市,大工川７１番地の１６,,01,236,0490153,,,,,,,2022-01-25,1,,,,,サトウボーリング,0
2165,7460101007131,新規,0,2022-01-25,2022-01-25,株式会社ほーぷぶりっじ,,株式会社,北海道,河西郡芽室町,東一条南１丁目１番地２,,01,637,0820051,,,,,,,2022-01-25,1,,,,,ホープブリッジ,0
2166,7460301005034,新規,0,2022-01-25,2022-01-25,株式会社１ｓｔ　ＴＡＧ,,株式会社,北海道,北見市,高栄西町４丁目２－１,,01,208,0900058,,,,,,,2022-01-25,1,,,,,ファーストタグ,0
2173,7500003002762,新規,0,2022-01-25,2022-01-25,合同会社まる福祉サービス,,合同会社,愛媛県,西条市,壬生川１４１－４,,38,206,7991341,,,,,,,2022-01-25,1,,,,,マルフクシサービス,0
2186,8010001224069,新規,0,2022-01-25,2022-01-25,Ｈｙｌａ　Ｊａｐａｎ株式会社,,株式会社,東京都,千代田区,丸の内１丁目８番３号丸の内トラストタワー本館１０階,,13,101,1000005,,,,,,,2022-01-25,1,,,,,ハイラジャパン,0
2187,8010001224093,新規,0,2022-01-25,2022-01-25,株式会社オフューカスインベスコ,,株式会社,東京都,中央区,日本橋茅場町３丁目２番２号ＥＫＫビル,,13,102,1030025,,,,,,,2022-01-25,1,,,,,オフューカスインベスコ,0
2188,8010001224119,新規,0,2022-01-25,2022-01-25,ＧＥＩＳＴ株式会社,,株式会社,東京都,中央区,勝どき５丁目３番１号,,13,102,1040054,,,,,,,2022-01-25,1,,,,,ガイスト,0
2197,8010401165128,新規,0,2022-01-25,2022-01-25,株式会社明日への扉,,株式会社,東京都,港区,南青山２丁目２番１５号,,13,103,1070062,,,,,,,2022-01-25,1,,,,,アスヘノトビラ,0
2198,8010401165144,新規,0,2022-01-25,2022-01-25,エイメント株式会社,,株式会社,東京都,港区,六本木７丁目１４番２３号ラウンドクロス六本木４階,,13,103,1060032,,,,,,,2022-01-25,1,,,,,エイメント,0
2201,8010403026955,新規,0,2022-01-25,2022-01-25,中頓別ウィンドファーム合同会社,,合同会社,東京都,港区,南青山１丁目１２番３号Ｎ２１５,,13,103,1070062,,,,,,,2022-01-25,1,,,,,ナカトンベツウィンドファーム,0
2205,8010501048364,新規,0,2022-01-25,2022-01-25,株式会社テイクシー,,株式会社,東京都,台東区,下谷１丁目１番７－５０４号ＧｒａｃｅＣｏｕｒｔＵｅｎｏ,,13,106,1100004,,,,,,,2022-01-25,1,,,,,テイクシー,0
2207,8010601060525,新規,0,2022-01-25,2022-01-25,株式会社アンドナース,,株式会社,東京都,江東区,東雲１丁目９番２２－２４２号,,13,108,1350062,,,,,,,2022-01-25,1,,,,,アンドナース,0
2211,8010701042126,新規,0,2022-01-25,2022-01-25,株式会社ａｇｅｎｔＳｏｌｕｔｉｏｎｓ,,株式会社,東京都,品川区,西五反田２丁目９番７号ドルミ五反田４０７号,,13,109,1410031,,,,,,,2022-01-25,1,,,,,エージェントソルーションズ,0
2228,8011001145148,新規,0,2022-01-25,2022-01-25,株式会社Ａ－Ｄｒａｇｏｎ,,株式会社,東京都,渋谷区,渋谷１丁目１番３号３Ｆ,,13,113,1500002,,,,,,,2022-01-25,1,,,,,エードラゴン,0
2229,8011001145296,新規,0,2022-01-25,2022-01-25,株式会社Ｙｕｄ,,株式会社,東京都,渋谷区,代々木１丁目４３番１２号アクセス代々木１０１,,13,113,1510053,,,,,,,2022-01-25,1,,,,,ユッド,0
2231,8011003014037,新規,0,2022-01-25,2022-01-25,合同会社ＬＯＯＰ,,合同会社,東京都,渋谷区,富ヶ谷２丁目１４番６号伸和ビル３０３,,13,113,1510063,,,,,,,2022-01-25,1,,,,,ループ,0
2232,8011003014061,新規,0,2022-01-25,2022-01-25,がなっしぃ合同会社,,合同会社,東京都,渋谷区,恵比寿西２丁目１５－１３Ｋ．Ｉヒルズ代官山１０２,,13,113,1500021,,,,,,,2022-01-25,1,,,,,ガナッシィ,0
2250,8011101097611,新規,0,2022-01-25,2022-01-25,株式会社プロタージュ,,株式会社,東京都,新宿区,西新宿３丁目９番７号フロンティア新宿タワー３５０,,13,104,1600023,,,,,,,2022-01-25,1,,,,,プロタージュ,0
2258,8011201023582,新規,0,2022-01-25,2022-01-25,株式会社レガロ,,株式会社,東京都,中野区,上高田１丁目１番２２号,,13,114,1640002,,,,,,,2022-01-25,1,,,,,レガロ,0
2269,8011601025690,新規,0,2022-01-25,2022-01-25,株式会社ＣＲＯＵＴ,,株式会社,東京都,練馬区,豊玉北４丁目１２番１７号,,13,120,1760012,,,,,,,2022-01-25,1,,,,,クロウト,0
2275,8011801040234,新規,0,2022-01-25,2022-01-25,株式会社チヨヒメホールディングス,,株式会社,東京都,足立区,梅島３丁目３２番６号,,13,121,1210816,,,,,,,2022-01-25,1,,,,,チヨヒメホールディングス,0
2283,8013303006011,新規,0,2022-01-25,2022-01-25,合同会社スマイルマネジメント,,合同会社,東京都,豊島区,池袋２丁目６１番８号アゼリア青新ビル,,13,116,1710014,,,,,,,2022-01-25,1,,,,,スマイルマネジメント,0
2290,8020001144596,新規,0,2022-01-25,2022-01-25,株式会社Ｋライン,,株式会社,神奈川県,横浜市西区,浅間町５丁目３７７番地１７,,14,103,2200072,,,,,,,2022-01-25,1,,,,,ケーライン,0
2291,8020001144919,新規,0,2022-01-25,2022-01-25,天野株式会社,,株式会社,神奈川県,川崎市川崎区,日進町６番地１１,,14,131,2100024,,,,,,,2022-01-25,1,,,,,アマノ,0
2292,8020001144927,新規,0,2022-01-25,2022-01-25,Ｓｅｃｕｒｅ　Ｓｈｅｌｌ　Ｃｏｒｐｏｒａｔｉｏｎ株式会社,,株式会社,神奈川県,横浜市旭区,若葉台２丁目１６番,,14,112,2410801,,,,,,,2022-01-25,1,,,,,セキュアシェルコーポレーション,0
2293,8020001144943,新規,0,2022-01-25,2022-01-25,株式会社Ｌｉｂｅｒｔｅ,,株式会社,神奈川県,川崎市川崎区,東田町３番地１ＪＳＴビル４Ｆ,,14,131,2100005,,,,,,,2022-01-25,1,,,,,リベルテ,0
2296,8020005015364,新規,0,2022-01-25,2022-01-25,一般社団法人日本影絵劇協会,,その他の設立登記法人,神奈川県,横浜市都筑区,南山田町４８２０番地１,,14,118,2240026,,,,,,,2022-01-25,1,,,,,ニホンカゲエゲキキョウカイ,0
2299,8021001075022,新規,0,2022-01-25,2022-01-25,株式会社ハシタス,,株式会社,神奈川県,厚木市,岡田５丁目６番２２号,,14,212,2430021,,,,,,,2022-01-25,1,,,,,ハシタス,0
2302,8021003011297,新規,0,2022-01-25,2022-01-25,合同会社ヒイラギ企画,,合同会社,神奈川県,厚木市,幸町１－１７－４０１,,14,212,2430012,,,,,,,2022-01-25,1,,,,,ヒイラギキカク,0
2306,8030001146476,新規,0,2022-01-25,2022-01-25,株式会社ＳＧクリエイト,,株式会社,埼玉県,草加市,栄町２丁目１１番３－１０４号室内１０２,,11,221,3400011,,,,,,,2022-01-25,1,,,,,エスジークリエイト,0
2309,8030003018723,新規,0,2022-01-25,2022-01-25,Ｄ．Ｂ合同会社,,合同会社,埼玉県,久喜市,南３丁目１０番９号折原ハイツ３号室,,11,232,3460004,,,,,,,2022-01-25,1,,,,,ディービー,0
2322,8040003019150,新規,0,2022-01-25,2022-01-25,合同会社レリ,,合同会社,千葉県,木更津市,高柳３３５４－１,,12,206,2920014,,,,,,,2022-01-25,1,,,,,レリ,0
2323,8040005021492,新規,0,2022-01-25,2022-01-25,一般社団法人Ｍｃｒ,,その他の設立登記法人,千葉県,千葉市花見川区,幕張町４丁目６７８番地６,,12,102,2620032,,,,,,,2022-01-25,1,,,,,エムシーアール,0
2324,8050001050503,新規,0,2022-01-25,2022-01-25,株式会社ＴＫＯ,,株式会社,茨城県,神栖市,大野原中央１丁目１０番５８号,,08,232,3140128,,,,,,,2022-01-25,1,,,,,ティーケーオー,0
2325,8050001050511,新規,0,2022-01-25,2022-01-25,株式会社ｗｅｌｆａｒｅ・ｆｏｏｄ＆ｃｌｅａｎ,,株式会社,茨城県,行方市,浜１６５８番地１,,08,233,3113505,,,,,,,2022-01-25,1,,,,,ウエルファーフードアンドクリーン,0
2332,8070001038876,新規,0,2022-01-25,2022-01-25,株式会社ムサシ,,株式会社,群馬県,渋川市,八木原９７６番地４,,10,208,3770003,,,,,,,2022-01-25,1,,,,,ムサシ,0
2338,8080001024702,新規,0,2022-01-25,2022-01-25,株式会社ＮＥＸＴ　ＳＴＡＧＥ,,株式会社,静岡県,静岡市葵区,両替町２丁目４番地の９,,22,101,4200032,,,,,,,2022-01-25,1,,,,,ネクストステージ,0
2340,8100001034995,新規,0,2022-01-25,2022-01-25,株式会社久光,,株式会社,長野県,下伊那郡高森町,下市田１３０５番地１,,20,403,3993103,,,,,,,2022-01-25,1,,,,,ヒサミツ,0
2341,8100001035003,新規,0,2022-01-25,2022-01-25,株式会社ナピカランド,,株式会社,長野県,下伊那郡天龍村,平岡１２４９番地８,,20,413,3991201,,,,,,,2022-01-25,1,,,,,ナピカランド,0
2358,8120001243396,新規,0,2022-01-25,2022-01-25,株式会社大和開発,,株式会社,大阪府,大阪市此花区,春日出南２丁目５番１３号,,27,104,5540023,,,,,,,2022-01-25,1,,,,,ヤマトカイハツ,0
2359,8120001243405,新規,0,2022-01-25,2022-01-25,玄武堂株式会社,,株式会社,大阪府,大阪市西区,九条１丁目２６番９号,,27,106,5500027,,,,,,,2022-01-25,1,,,,,ゲンブドウ,0
2363,8120005022739,新規,0,2022-01-25,2022-01-25,医療法人医進会,,その他の設立登記法人,大阪府,大阪市平野区,喜連西４丁目７番１９号メゾンドデリシャス１階,,27,126,5470026,,,,,,,2022-01-25,1,,,,,イシンカイ,0
2365,8120101064998,新規,0,2022-01-25,2022-01-25,株式会社ｃｏｃｏ,,株式会社,大阪府,堺市西区,浜寺公園町３丁２３３,,27,144,5928346,,,,,,,2022-01-25,1,,,,,ココ,0
2371,8120905006262,新規,0,2022-01-25,2022-01-25,医療法人しきな鼻クリニック千里,,その他の設立登記法人,大阪府,豊中市,新千里東町１丁目４番２号千里ライフサイエンスセンタービル１０階,,27,203,5600082,,,,,,,2022-01-25,1,,,,,シキナハナクリニックセンリ,0
2372,8122001035534,新規,0,2022-01-25,2022-01-25,株式会社三福水産,,株式会社,大阪府,大東市,野崎２丁目３番７号シェールメモワール５０２号,,27,218,5740015,,,,,,,2022-01-25,1,,,,,サンプクスイサン,0
2379,8140001124660,新規,0,2022-01-25,2022-01-25,株式会社ルフト,,株式会社,兵庫県,明石市,大久保町松陰１０－３１,,28,203,6740053,,,,,,,2022-01-25,1,,,,,ルフト,0
2380,8140001124677,新規,0,2022-01-25,2022-01-25,スクエアホーム株式会社,,株式会社,兵庫県,丹波市,春日町棚原１８６４番地１,,28,223,6694274,,,,,,,2022-01-25,1,,,,,スクエアホーム,0
2384,8140003017268,新規,0,2022-01-25,2022-01-25,合同会社ＹＹＣ,,合同会社,兵庫県,朝来市,佐嚢６６番地１１９,,28,225,6793453,,,,,,,2022-01-25,1,,,,,ワイワイシー,0
2392,8160001023902,新規,0,2022-01-25,2022-01-25,株式会社疋田,,株式会社,滋賀県,大津市,におの浜３丁目１番５４－１４０２号,,25,201,5200801,,,,,,,2022-01-25,1,,,,,ヒキタ,0
2396,8160003002474,新規,0,2022-01-25,2022-01-25,合同会社リリオ・セロ,,合同会社,滋賀県,米原市,下多良３１９,,25,214,5210016,,,,,,,2022-01-25,1,,,,,リリオセロ,0
2399,8180001149704,新規,0,2022-01-25,2022-01-25,ネコスター株式会社,,株式会社,愛知県,名古屋市緑区,大根山１丁目１１１１番地の３,,23,114,4598007,,,,,,,2022-01-25,1,,,,,ネコスター,0
2405,8190001029054,新規,0,2022-01-25,2022-01-25,株式会社丸中,,株式会社,三重県,津市,雲出本郷町１３０１番地南,,24,201,5140304,,,,,,,2022-01-25,1,,,,,マルナカ,0
2406,8190003003882,新規,0,2022-01-25,2022-01-25,合同会社ＮＧＣＣ　ＬＡＢ,,合同会社,三重県,桑名市,新西方４丁目２１１番地,,24,205,5110863,,,,,,,2022-01-25,1,,,,,エヌジーシーシーラボ,0
2419,8230001019208,新規,0,2022-01-25,2022-01-25,株式会社やねや,,株式会社,富山県,高岡市,問屋町７０番地,,16,202,9330804,,,,,,,2022-01-25,1,,,,,ヤネヤ,0
2432,8240001059203,新規,0,2022-01-25,2022-01-25,ｅ，ｃｙｃｌｅ株式会社,,株式会社,広島県,呉市,焼山松ヶ丘１丁目６番２９号,,34,202,7370932,,,,,,,2022-01-25,1,,,,,イーサイクル,0
2457,8250003002993,新規,0,2022-01-25,2022-01-25,合同会社タイショウ,,合同会社,山口県,山口市,中央４丁目９－２５－８０４,,35,203,7530074,,,,,,,2022-01-25,1,,,,,タイショウ,0
2463,8290001096183,新規,0,2022-01-25,2022-01-25,株式会社ファーストケア,,株式会社,福岡県,大川市,大字大野島２５５－５,,40,212,8310045,,,,,,,2022-01-25,1,,,,,ファーストケア,0
2464,8290001096191,新規,0,2022-01-25,2022-01-25,株式会社マブハイ,,株式会社,福岡県,久留米市,日吉町９番地１６第三あずまビル６階,,40,203,8300017,,,,,,,2022-01-25,1,,,,,マブハイ,0
2465,8290001096225,新規,0,2022-01-25,2022-01-25,株式会社ロームサポート,,株式会社,福岡県,福岡市中央区,赤坂１丁目１４番２２号２階Ｂ－１,,40,133,8100042,,,,,,,2022-01-25,1,,,,,ロームサポート,0
2468,8290003012056,新規,0,2022-01-25,2022-01-25,合同会社ＦＫ＆ｃｏ,,合同会社,福岡県,朝倉市,堤９６９－３サンビレッジかこ１０３,,40,228,8380062,,,,,,,2022-01-25,1,,,,,エフケアンドカンパニー,0
2469,8290003012072,新規,0,2022-01-25,2022-01-25,合同会社はる,,合同会社,福岡県,大野城市,白木原１丁目２－８－１０３,,40,219,8160943,,,,,,,2022-01-25,1,,,,,ハル,0
2475,8330001029386,新規,0,2022-01-25,2022-01-25,若宮不動産株式会社,,株式会社,熊本県,八代市,古閑中町８０２,,43,202,8660898,,,,,,,2022-01-25,1,,,,,ワカミヤフドウサン,0
2486,8380001032518,新規,0,2022-01-25,2022-01-25,カーピットむらかみ株式会社,,株式会社,福島県,田村市,船引町船引字四斗蒔田７２番地２,,07,211,9634312,,,,,,,2022-01-25,1,,,,,カーピットムラカミ,0
2492,8400001015750,新規,0,2022-01-25,2022-01-25,株式会社リベンド,,株式会社,岩手県,一関市,室根町折壁字大里８１番地５,,03,209,0291201,,,,,,,2022-01-25,1,,,,,リベンド,0
2496,8420001017720,新規,0,2022-01-25,2022-01-25,株式会社Ｅｉｇｅｒ　Ｓｅｃｕｒｉｔｙ,,株式会社,青森県,南津軽郡藤崎町,大字西豊田１丁目９番地１,,02,361,0383803,,,,,,,2022-01-25,1,,,,,アイガーセキュリティ,0
2497,8430001085865,新規,0,2022-01-25,2022-01-25,株式会社ｒｅ．ｍｏｂａ,,株式会社,北海道,札幌市中央区,宮の森四条１２丁目８番８号,,01,101,0640954,,,,,,,2022-01-25,1,,,,,リモバ,0
2500,8460101007130,新規,0,2022-01-25,2022-01-25,株式会社ｏｂａｒａ,,株式会社,北海道,帯広市,西十八条南３丁目１０番５号,,01,207,0800028,,,,,,,2022-01-25,1,,,,,オバラ,0
2501,8460301005033,新規,0,2022-01-25,2022-01-25,株式会社さくらのアーチ,,株式会社,北海道,北見市,光葉町１９番地３２,,01,208,0900814,,,,,,,2022-01-25,1,,,,,,0
2503,8500003002761,新規,0,2022-01-25,2022-01-25,遮熱ジャパン合同会社,,合同会社,愛媛県,松山市,土居町９３５番地１,,38,201,7911115,,,,,,,2022-01-25,1,,,,,シャネツジャパン,0
2504,8500005008451,新規,0,2022-01-25,2022-01-25,つなぐサポート協同組合,,その他の設立登記法人,愛媛県,新居浜市,東雲町２丁目１番１４号,,38,205,7920864,,,,,,,2022-01-25,1,,,,,ツナグサポート,0
2515,9010001224068,新規,0,2022-01-25,2022-01-25,ＦＬＥＥＴ　ＰＩＴＬＯＣＫ株式会社,,株式会社,東京都,千代田区,大手町１丁目１番３号,,13,101,1000004,,,,,,,2022-01-25,1,,,,,フリートピットロック,0
2516,9010001224084,新規,0,2022-01-25,2022-01-25,エイムソリューション株式会社,,株式会社,東京都,千代田区,九段南１丁目５番６号りそな九段ビル５ＦＫＳフロア,,13,101,1020074,,,,,,,2022-01-25,1,,,,,エイムソリューション,0
2517,9010001224092,新規,0,2022-01-25,2022-01-25,株式会社イーグルインベスコ,,株式会社,東京都,中央区,日本橋茅場町３丁目２番２号ＥＫＫビル,,13,102,1030025,,,,,,,2022-01-25,1,,,,,イーグルインベスコ,0
2518,9010001224134,新規,0,2022-01-25,2022-01-25,株式会社Ｅｍｅｍｅ,,株式会社,東京都,千代田区,神田小川町３丁目２８－５ａｘｌｅ御茶ノ水２階,,13,101,1010052,,,,,,,2022-01-25,1,,,,,エミーム,0
2519,9010003036841,新規,0,2022-01-25,2022-01-25,山田合同会社,,合同会社,東京都,文京区,小日向２丁目２３番７号,,13,105,1120006,,,,,,,2022-01-25,1,,,,,ヤマダ,0
2527,9010401165036,新規,0,2022-01-25,2022-01-25,ａｂ３株式会社,,株式会社,東京都,港区,南青山２丁目２番１５号ＷｉｎＡｏｙａｍａビルＵＣＦ６３５,,13,103,1070062,,,,,,,2022-01-25,1,,,,,エービースリー,0
2531,9010405020609,新規,0,2022-01-25,2022-01-25,エムケーフォー特定目的会社,,その他の設立登記法人,東京都,港区,虎ノ門３丁目２２番１０－２０１号,,13,103,1050001,,,,,,,2022-01-25,1,,,,,エムケーフォー,0
2538,9010701042117,新規,0,2022-01-25,2022-01-25,株式会社Ｙ－Ａｃｃｅｌｅｒａｔｅ,,株式会社,東京都,品川区,大崎２丁目９番１－１０５号,,13,109,1410032,,,,,,,2022-01-25,1,,,,,ワイアクセラレート,0
2539,9010701042133,新規,0,2022-01-25,2022-01-25,株式会社クレラル,,株式会社,東京都,品川区,八潮５丁目１２番６９号ビレッジハウス品川八潮タワー,,13,109,1400003,,,,,,,2022-01-25,1,,,,,クレラル,0
2543,9010901050233,新規,0,2022-01-25,2022-01-25,株式会社エンミッシュ,,株式会社,東京都,世田谷区,太子堂１丁目３番３９－４１０号,,13,112,1540004,,,,,,,2022-01-25,1,,,,,エンミッシュ,0
2544,9010903007099,新規,0,2022-01-25,2022-01-25,ＭｃＣｏｏｌ合同会社,,合同会社,東京都,世田谷区,深沢５丁目３６番３号,,13,112,1580081,,,,,,,2022-01-25,1,,,,,マックール,0
2550,9011001145072,新規,0,2022-01-25,2022-01-25,株式会社ＪＭ,,株式会社,東京都,渋谷区,恵比寿西２丁目９番９号根本ビル３Ｆ,,13,113,1500021,,,,,,,2022-01-25,1,,,,,ジェイエム,0
2551,9011001145097,新規,0,2022-01-25,2022-01-25,株式会社オーブ,,株式会社,東京都,渋谷区,本町２丁目３１番９号ラフィーネ初台４０３,,13,113,1510071,,,,,,,2022-01-25,1,,,,,オーブ,0
2552,9011001145130,新規,0,2022-01-25,2022-01-25,株式会社ＳＨＥＡ,,株式会社,東京都,渋谷区,神宮前５丁目４６番１６号,,13,113,1500001,,,,,,,2022-01-25,1,,,,,シア,0
2553,9011001145155,新規,0,2022-01-25,2022-01-25,株式会社Ｎｏ．,,株式会社,東京都,渋谷区,道玄坂１丁目１０－８渋谷道玄坂東急ビル１Ｆ,,13,113,1500043,,,,,,,2022-01-25,1,,,,,ノードット,0
2560,9011003014011,新規,0,2022-01-25,2022-01-25,合同会社ウォルドゥ,,合同会社,東京都,目黒区,碑文谷６丁目３６番１０号,,13,110,1520003,,,,,,,2022-01-25,1,,,,,ウォルドゥ,0
2578,9011101097528,新規,0,2022-01-25,2022-01-25,ＶＡＷＭＩ株式会社,,株式会社,東京都,新宿区,新宿５丁目７－９レジディア新宿イースト８０２号室,,13,104,1600022,,,,,,,2022-01-25,1,,,,,バウミ,0
2579,9011101097619,新規,0,2022-01-25,2022-01-25,株式会社トライバルアーク,,株式会社,東京都,新宿区,歌舞伎町１丁目２番１３号新光ビル７階ＥＦ号室,,13,104,1600021,,,,,,,2022-01-25,1,,,,,トライバルアーク,0
2584,9011201023581,新規,0,2022-01-25,2022-01-25,株式会社桂屋,,株式会社,東京都,中野区,本町６丁目２１番１６号セントラルフィールド１Ｆ,,13,114,1640012,,,,,,,2022-01-25,1,,,,,カツラヤ,0
2603,9012803002683,新規,0,2022-01-25,2022-01-25,城浩興業合同会社,,合同会社,東京都,立川市,一番町４丁目５９－１セザール立川一番町４０６,,13,202,1900033,,,,,,,2022-01-25,1,,,,,クニヒロコウギョウ,0
2604,9013101008836,新規,0,2022-01-25,2022-01-25,株式会社Ｆｕｎｋｙ　Ｄｅｖｉｓｅ　Ｆａｃｔｏｒｙ,,株式会社,東京都,あきる野市,伊奈９７９番７,,13,228,1900142,,,,,,,2022-01-25,1,,,,,ファンキーディバイスファクトリー,0
2607,9013301048590,新規,0,2022-01-25,2022-01-25,株式会社ＰＥＡＣＥ,,株式会社,東京都,豊島区,西池袋３丁目３０番１１号,,13,116,1710021,,,,,,,2022-01-25,1,,,,,ピース,0
2608,9013303006010,新規,0,2022-01-25,2022-01-25,合同会社Ｆｌｕｆｆｙ,,合同会社,東京都,豊島区,高田１丁目４０－６,,13,116,1710033,,,,,,,2022-01-25,1,,,,,,0
2612,9020001144918,新規,0,2022-01-25,2022-01-25,株式会社樋口冷凍,,株式会社,神奈川県,川崎市幸区,南加瀬５丁目６番１－１０１号,,14,132,2120055,,,,,,,2022-01-25,1,,,,,ヒグチレイトウ,0
2613,9020001144926,新規,0,2022-01-25,2022-01-25,株式会社ビーマイスター,,株式会社,神奈川県,横浜市青葉区,市ケ尾町５２４－７プレステージ市ヶ尾２０１号室,,14,117,2250024,,,,,,,2022-01-25,1,,,,,ビーマイスター,0
2618,9020003021173,新規,0,2022-01-25,2022-01-25,まデジタル合同会社,,合同会社,神奈川県,横浜市青葉区,美しが丘２丁目２０番８号,,14,117,2250002,,,,,,,2022-01-25,1,,,,,マデジタル,0
2620,9020005015363,新規,0,2022-01-25,2022-01-25,ＮＰＯ法人こどもステーション横浜,,その他の設立登記法人,神奈川県,横浜市港北区,師岡町７００番地トレッサ横浜南棟３階,,14,109,2220002,,,,,,,2022-01-25,1,,,,,コドモステーションヨコハマ,0
2625,9021001075021,新規,0,2022-01-25,2022-01-25,株式会社ｌｉｎｋｅｐｔ,,株式会社,神奈川県,中郡二宮町,富士見が丘２丁目７－５,,14,342,2590122,,,,,,,2022-01-25,1,,,,,リンケプト,0
2635,9030001146475,新規,0,2022-01-25,2022-01-25,株式会社Ｍｖｏｌｐｒｏ,,株式会社,埼玉県,川口市,大字里９９１番地の２朝日プラザ鳩ヶ谷クレセント８０４号,,11,203,3340005,,,,,,,2022-01-25,1,,,,,ムボロプロ,0
2636,9030001146491,新規,0,2022-01-25,2022-01-25,Ｓ．Ｈ．Ｉ．Ｅ．Ｌ．Ｄ株式会社,,株式会社,埼玉県,越谷市,越ヶ谷１丁目１３番１号－１０３号室,,11,222,3430813,,,,,,,2022-01-25,1,,,,,シールド,0
2637,9030001146500,新規,0,2022-01-25,2022-01-25,株式会社伊藤工業,,株式会社,埼玉県,さいたま市緑区,大字中尾３２４番地１,,11,109,3360932,,,,,,,2022-01-25,1,,,,,イトウコウギョウ,0
2638,9030001146509,新規,0,2022-01-25,2022-01-25,株式会社ヨッシーパラダイス,,株式会社,埼玉県,本庄市,駅南２丁目１５番９号,,11,211,3670041,,,,,,,2022-01-25,1,,,,,ヨッシーパラダイス,0
2641,9030003018664,新規,0,2022-01-25,2022-01-25,アーリーアダプター合同会社,,合同会社,埼玉県,狭山市,笹井１丁目３１番１１号,,11,215,3501327,,,,,,,2022-01-25,1,,,,,アーリーアダプター,0
2642,9030003018697,新規,0,2022-01-25,2022-01-25,合同会社Ｏｇａｔｏｌｉｅｒ,,合同会社,埼玉県,比企郡吉見町,東野１丁目２０番地１４,,11,347,3550110,,,,,,,2022-01-25,1,,,,,オガトリエ,0
2660,9050001050386,新規,0,2022-01-25,2022-01-25,Ｈａｂｉｂ　ｇｈａｎｉ　ｔｒａｄｉｎｇ株式会社,,株式会社,茨城県,坂東市,岩井４３１５番地９、１０２号室,,08,228,3060631,,,,,,,2022-01-25,1,,,,,ハビブガニトレーディング,0
2661,9050001050502,新規,0,2022-01-25,2022-01-25,デジタルスパイスソリューション株式会社,,株式会社,茨城県,つくば市,竹園１丁目６番地２,,08,220,3050032,,,,,,,2022-01-25,1,,,,,デジタルスパイスソリューション,0
2662,9050001050519,新規,0,2022-01-25,2022-01-25,株式会社Ｒｅｇｒｏｕｐ,,株式会社,茨城県,土浦市,荒川沖東２丁目２４番２６号,,08,203,3000871,,,,,,,2022-01-25,1,,,,,リグループ,0
2668,9060001034512,新規,0,2022-01-25,2022-01-25,株式会社クラフト,,株式会社,栃木県,足利市,小俣町５４１番地,,09,202,3260141,,,,,,,2022-01-25,1,,,,,クラフト,0
2675,9080001024701,新規,0,2022-01-25,2022-01-25,株式会社歩歩,,株式会社,静岡県,静岡市葵区,常磐町１丁目４番地の３玄南トキワビル３階,,22,101,4200034,,,,,,,2022-01-25,1,,,,,フフ,0
2676,9080101023058,新規,0,2022-01-25,2022-01-25,株式会社喜援,,株式会社,静岡県,富士市,神谷５９２番地の３,,22,210,4170821,,,,,,,2022-01-25,1,,,,,キエン,0
2677,9080101023066,新規,0,2022-01-25,2022-01-25,Ｍ・Ｉ・Ｋ株式会社,,株式会社,静岡県,沼津市,新沢田町１５番３６－６０１号,,22,203,4100003,,,,,,,2022-01-25,1,,,,,エムアイケイ,0
2692,9120001243370,新規,0,2022-01-25,2022-01-25,株式会社高田工業,00125511,株式会社,大阪府,大阪市浪速区,元町２丁目３番１号難波ユニオンビル東館５階,,27,111,5560016,,,,,,,2022-01-25,1,,,,,タカダコウギョウ,0
2693,9120001243387,新規,0,2022-01-25,2022-01-25,株式会社アートラッシュ,,株式会社,大阪府,大阪市西区,江戸堀１丁目１８番１２号タマリスビル６階,,27,106,5500002,,,,,,,2022-01-25,1,,,,,アートラッシュ,0
2694,9120001243404,新規,0,2022-01-25,2022-01-25,株式会社庄野,,株式会社,大阪府,大阪市福島区,福島５丁目１６番１５号,,27,103,5530003,,,,,,,2022-01-25,1,,,,,ショウノ,0
2707,9120905006261,新規,0,2022-01-25,2022-01-25,医療法人巴会,,その他の設立登記法人,大阪府,豊中市,本町１丁目８番５号アクロスキューブ豊中２Ｆ,,27,203,5600021,,,,,,,2022-01-25,1,,,,,トモエカイ,0
2708,9122001035533,新規,0,2022-01-25,2022-01-25,Ｌｉｎｋ　ｔｏｎｅ株式会社,,株式会社,大阪府,東大阪市,新池島町１丁目１７番５７号,,27,227,5798065,,,,,,,2022-01-25,1,,,,,リンクトーン,0
2709,9130003007715,新規,0,2022-01-25,2022-01-25,合同会社Ｔ’ｚ　ｃｏｍｐａｎｙ,,合同会社,京都府,京都市西京区,桂徳大寺北町９１番地ＯＮマンション２０５号,,26,111,6158301,,,,,,,2022-01-25,1,,,,,ティーズカンパニー,0
2714,9140001124692,新規,0,2022-01-25,2022-01-25,株式会社エコファーム山根,,株式会社,兵庫県,赤穂郡上郡町,尾長谷１３９４番地７,,28,481,6781203,,,,,,,2022-01-25,1,,,,,エコファームヤマネ,0
2717,9140003017267,新規,0,2022-01-25,2022-01-25,ｓｅｒｖｅ合同会社,,合同会社,兵庫県,神戸市西区,白水１丁目３９－４８,,28,111,6512129,,,,,,,2022-01-25,1,,,,,サーブ,0
2732,9180001149703,新規,0,2022-01-25,2022-01-25,東＿株式会社,00125509,株式会社,愛知県,名古屋市名東区,本郷２丁目２１４番地,,23,115,4650024,,,,,,,2022-01-25,1,,,,,トウタ,0
2752,9230001019207,新規,0,2022-01-25,2022-01-25,株式会社メイドインビジネス,,株式会社,富山県,富山市,神通本町２丁目２番１６号ＡｇｒｏｓｔＴｏｗｅｒ富山駅前３０４,,16,201,9300008,,,,,,,2022-01-25,1,,,,,メイドインビジネス,0
2794,9280003001570,新規,0,2022-01-25,2022-01-25,合同会社志遊会,,合同会社,島根県,出雲市,矢尾町９５番地,,32,203,6930067,,,,,,,2022-01-25,1,,,,,シユウカイ,0
2799,9290001096199,新規,0,2022-01-25,2022-01-25,株式会社ｉＴｏ,,株式会社,福岡県,糸島市,長野１５０８番地,,40,230,8191153,,,,,,,2022-01-25,1,,,,,イト,0
2800,9290001096208,新規,0,2022-01-25,2022-01-25,株式会社Ｙ・Ｍ・Ｋ・Ｅ,,株式会社,福岡県,福岡市城南区,長尾２丁目１番３４号,,40,136,8140123,,,,,,,2022-01-25,1,,,,,ワイエムケーイー,0
2801,9290001096216,新規,0,2022-01-25,2022-01-25,新興化工株式会社,,株式会社,福岡県,福岡市南区,塩原４丁目２２番１１－１０２号,,40,134,8150032,,,,,,,2022-01-25,1,,,,,シンコウカコウ,0
2803,9290003012055,新規,0,2022-01-25,2022-01-25,合同会社ＫＪ　Ｈｏｍｅ,,合同会社,福岡県,福岡市早良区,昭代２丁目５－２４,,40,137,8140012,,,,,,,2022-01-25,1,,,,,ケイジェイホーム,0
2804,9290003012071,新規,0,2022-01-25,2022-01-25,合同会社ＨＥＲＭＯＮ,,合同会社,福岡県,福岡市東区,下原４丁目７－２９－１０５,,40,131,8130002,,,,,,,2022-01-25,1,,,,,ヘルモン,0
2817,9330001029385,新規,0,2022-01-25,2022-01-25,株式会社セッテ,,株式会社,熊本県,熊本市南区,幸田２丁目１番１４号,,43,104,8614108,,,,,,,2022-01-25,1,,,,,セッテ,0
2819,9340001024451,新規,0,2022-01-25,2022-01-25,株式会社よろずや,,株式会社,鹿児島県,鹿児島市,山田町１５１－１,,46,201,8910104,,,,,,,2022-01-25,1,,,,,ヨロズヤ,0
2821,9350001017553,新規,0,2022-01-25,2022-01-25,株式会社ａｎｉｍａｎｉ,,株式会社,宮崎県,東臼杵郡美郷町,南郷水清谷２０２４－１,,45,431,8830301,,,,,,,2022-01-25,1,,,,,アニマニ,0
2825,9380001032517,新規,0,2022-01-25,2022-01-25,石川恒産株式会社,,株式会社,福島県,南相馬市,原町区大町３丁目３０番地,,07,212,9750001,,,,,,,2022-01-25,1,,,,,イシカワコウサン,0
2833,9430001085864,新規,0,2022-01-25,2022-01-25,ティツゥエム株式会社,,株式会社,北海道,札幌市東区,東苗穂十四条２丁目１９番２８号,,01,103,0070814,,,,,,,2022-01-25,1,,,,,ティツゥエム,0
2834,9430001085872,新規,0,2022-01-25,2022-01-25,ＲｅＪａｐａｎ株式会社,,株式会社,北海道,札幌市中央区,南一条西１６丁目１番地３２３春野ビル３Ｆ,,01,101,0600061,,,,,,,2022-01-25,1,,,,,リージャパン,0
2837,9460003000876,新規,0,2022-01-25,2022-01-25,ＳＫ合同会社,,合同会社,北海道,釧路市,昭和南５丁目１２番２３号,,01,206,0840909,,,,,,,2022-01-25,1,,,,,エスケー,0
2838,9470001018936,新規,0,2022-01-25,2022-01-25,株式会社リプサス,,株式会社,香川県,綾歌郡宇多津町,浜六番丁８０番地４（第３五福マンション６０１）,,37,386,7690206,,,,,,,2022-01-25,1,,,,,リプサス,0
